通用基础能力评估题库（6 大模块・单模块 40 题）,,,,,,
"表现形式
1.判断题统一观看小视频，判断视频中行为对错。
2.选择题图文结合，选择正确选项。
3.拖拽题界面拖动虚拟物品。
4.实操题教具操作，老师打分。",,"1.达标（2 分）：独立选出正确选项，准确理解题干要求。
2.需改进（1 分）：选择过程犹豫，选错后可自行更正；经口头提示后选出正确答案。
3.不达标（0 分）：持续选择错误选项；随机乱选；拒绝作答。",,,"界面要素：1.题目
         2.选择判断按钮
         3.提交/跳过/求助
         4.第几题","后台数据输出统计：
1.答题数及分数
2.能力题目配比。6大能力及岗位相关
3.图表及文字分析（报告）
4.建议（是否马上可以进行岗位训练/需要岗位和基础训练同步进行，重点哪方面/完全不合适该岗位）"
考察点,题目,素材内容描述（仅供参考）,能力维度标签,考察难度,计分规则,备注
一、精细动作能力（40 题）,,,"1. 手部灵巧度：手指精细活动、捏取、旋转、夹持、分拣、穿拆、对齐等灵活操作
2. 双手配合：左右手分工协作、固定+操作、传递、对合、折叠等协同动作
3. 动作稳定性：端取、托举、平移、行走、堆叠过程中不晃动、不倾倒、不滑落
4. 力度控制：不轻不重、不捏碎、不松散、不蛮力、均匀发力、可控操作",,,统一循环播放视频，可暂停
（一）判断题（14 题）,,,,,"（一）判断题（测评抽取 7 题）
1.达标（2 分）：独立做出正确判断，理解题目含义。
2.需改进（1 分）：答题犹豫、反复修改答案，经简单提示后选择正确。
3.不达标（0 分）：判断错误；完全不理解题意；随机乱选；安全类题目选择危险行为，直接记 0 分。",
1. 【基础】能用指尖独立夹取小物件，不滑落、不捏碎,请观看视频，判断视频中人物的动作是否符合标准要求？,正确版：人物用二指轻捏小件物品，平稳拿起、无挤压、无掉落动作错误版：人物捏取物品时用力过猛捏碎、或手指打滑物品掉落,灵巧度、力度控制,低级,1. 达标（2 分）：独立判断正确，无犹豫2. 需改进（1 分）：经提示后判断正确3. 不达标（0 分）：判断错误,
2. 【基础】单手端平托盘，行走时不洒落物品。,请观看视频，判断视频中人物的动作是否符合标准要求？,正确版：人物单手端托盘行走，全程托盘水平、无倾斜、物品无晃动洒落错误版：人物端托盘行走时托盘倾斜、小件物品晃动洒落,动作稳定性,低级,1. 达标（2 分）：独立判断正确2. 需改进（1 分）：经提示后判断正确3. 不达标（0 分）：判断错误,
3. 【岗位关联】单手扶住箱体，另一只手撕开纸箱封条。,请观看视频，判断视频中人物的动作是否符合标准要求？,正确版：人物一手扶箱固定，一手沿胶带边缘匀速撕开，箱体完好、无暴力动作错误版：人物双手猛力撕扯胶带、箱体变形破损,双手配合、力度控制,中级,1. 达标（2 分）：独立判断正确2. 需改进（1 分）：经提示后判断正确3. 不达标（0 分）：判断错误,
4. 【基础】双手配合折叠长方形卡纸，边角对齐。,请观看视频，判断视频中人物的动作是否符合标准要求？,正确版：人物双手配合折叠卡纸，边角完全对齐、纸面平整无褶皱错误版：人物折叠卡纸边角错位、歪斜、未压平,双手配合、灵巧度,中级,1. 达标（2 分）：独立判断正确2. 需改进（1 分）：经提示后判断正确3. 不达标（0 分）：判断错误,
5. 【基础】使用夹子夹取小件物品，夹取稳定不滑落。,请观看视频，判断视频中人物的动作是否符合标准要求？,正确版：人物用夹子居中夹紧小件物品，平移全程稳固不掉落错误版：人物夹子夹取位置偏移、物品移动中掉落,灵巧度、稳定性,低级,1. 达标（2 分）：独立判断正确2. 需改进（1 分）：经提示后判断正确3. 不达标（0 分）：判断错误,
6. 【岗位关联】将盒装商品单层平放，不倾斜堆叠。,请观看视频，判断视频中人物的动作是否符合标准要求？,正确版：人物将盒装商品单层平放，摆放端正、无倾斜、无堆叠错误版：人物将盒装商品歪斜摆放、高低不平、倾斜堆叠,稳定性、灵巧度,低级,1. 达标（2 分）：独立判断正确2. 需改进（1 分）：经提示后判断正确3. 不达标（0 分）：判断错误,
7. 【基础】五指抓握水杯，正常端取不脱手。,请观看视频，判断视频中人物的动作是否符合标准要求？,正确版：人物五指全环绕抓握杯身，端起放下平稳、无打滑晃动错误版：人物抓握水杯手指打滑、端取过程中水杯晃动险些掉落,稳定性、力度控制,低级,1. 达标（2 分）：独立判断正确2. 需改进（1 分）：经提示后判断正确3. 不达标（0 分）：判断错误,
8. 【基础】连续拾取桌面散落物件，动作连贯有序。,请观看视频，判断视频中人物的动作是否符合标准要求？,正确版：人物连续拾取桌面散落小件，动作连贯、无频繁掉落错误版：人物拾取动作卡顿、频繁抓不稳物品掉落,灵巧度、稳定性,中级,1. 达标（2 分）：独立判断正确2. 需改进（1 分）：经提示后判断正确3. 不达标（0 分）：判断错误,
9. 【岗位关联】整理空纸箱，折叠后整齐靠放。,请观看视频，判断视频中人物的动作是否符合标准要求？,正确版：人物双手折叠纸箱压平，靠墙整齐摆放、无歪斜错误版：人物折叠纸箱不规整、随意堆放、无法整齐靠放,双手配合、灵巧度,中级,1. 达标（2 分）：独立判断正确2. 需改进（1 分）：经提示后判断正确3. 不达标（0 分）：判断错误,
10. 【基础】手指控制力度，完整完成瓶盖开合旋转动作,请观看视频，判断视频中人物的动作是否符合标准要求？,正确版：人物手指控制力度，顺畅完成瓶盖拧开、拧紧动作，无卡顿错误版：人物手指僵硬、拧不动瓶盖、或蛮力扭动无法顺畅开合,灵巧度、力度控制,低级,1. 达标（2 分）：独立判断正确2. 需改进（1 分）：经提示后判断正确3. 不达标（0 分）：判断错误,
11. 【基础】左右手交替传递物品，衔接顺畅。,请观看视频，判断视频中人物的动作是否符合标准要求？,正确版：人物左右手交替接物、递物流畅，无掉落、无卡顿错误版：人物双手传递物品衔接卡顿、物品掉落,双手配合、稳定性,中级,1. 达标（2 分）：独立判断正确2. 需改进（1 分）：经提示后判断正确3. 不达标（0 分）：判断错误,
12. 【岗位关联】并排摆放多件商品，间距保持一致。,请观看视频，判断视频中人物的动作是否符合标准要求？,正确版：人物将多件商品并排摆放，间距均匀、排布整齐无歪斜错误版：人物摆放商品间距忽大忽小、排布杂乱,灵巧度、稳定性,低级,1. 达标（2 分）：独立判断正确2. 需改进（1 分）：经提示后判断正确3. 不达标（0 分）：判断错误,
13. 【基础】抚平褶皱纸张，手部发力均匀。,请观看视频，判断视频中人物的动作是否符合标准要求？,正确版：人物手掌均匀按压，将纸张褶皱全部抚平、纸面平整无凸起错误版：人物按压纸张用力不均、褶皱未抚平、纸面有凸起,力度控制、灵巧度,低级,1. 达标（2 分）：独立判断正确2. 需改进（1 分）：经提示后判断正确3. 不达标（0 分）：判断错误,
14. 【基础】拿起长条物品，保持水平状态。,请观看视频，判断视频中人物的动作是否符合标准要求？,正确版：人物手持长条物品，全程保持水平状态、无明显倾斜错误版：人物手持长条物品明显倾斜、无法保持水平,稳定性、力度控制,中级,1. 达标（2 分）：独立判断正确2. 需改进（1 分）：经提示后判断正确3. 不达标（0 分）：判断错误,
（二）单项选择题（12 题）,,,,,（二）单项选择题（测评抽取 6 题）,
1. 【基础】拾取迷你小物件，优先使用哪种动作？ A 指尖捏取 B 整手抓握 C 手掌拍打,拾取迷你小物件，以下哪种动作是最标准的？A. 指尖二指轻捏 B. 整手抓握 C. 手掌按压,题干配图：桌面迷你小物件场景选项配图：A. 二指轻捏动作；B. 整手抓握；C. 手掌按压,手部灵巧度,低级,1. 达标（2 分）：独立选择正确选项 A2. 需改进（1 分）：经提示后选择 A3. 不达标（0 分）：选择错误选项,
2. 【岗位关联】摆放多层商品，正确方式是？ A 下重上轻 B 上重下轻 C 随意堆叠,多层商品堆叠，以下哪种摆放方式最稳定？A. 大盒在下、小盒在上 B. 小盒在下、大盒在上 C. 随意堆叠,题干配图：商品堆叠场景选项配图：A. 大下小上稳定堆叠；B. 小下大上；C. 随意堆叠,动作稳定性,低级,1. 达标（2 分）：独立选择正确选项 A2. 需改进（1 分）：经提示后选择 A3. 不达标（0 分）：选择错误选项,
3. 【基础】整理堆叠卡片，正确做法是？A整齐对齐 B随意堆放 C歪斜摆放,薄页纸拆解，以下哪种动作最规范？A. 指尖轻捏边缘匀速撕开 B. 双手猛力拉扯 C. 指甲抠挖,题干配图：薄页纸拆解场景选项配图：A. 轻捏边缘撕开；B. 猛力拉扯；C. 指甲抠挖,灵巧度、力度控制,中级,1. 达标（2 分）：独立选择正确选项 A2. 需改进（1 分）：经提示后选择 A3. 不达标（0 分）：选择错误选项,
4. 【岗位关联】开启纸箱封条，发力点选择？ A 封条边缘 B 箱体中部 C 纸箱底部,撕开纸箱封条，以下哪个发力点最合理？A. 封条边缘角落 B. 封条中间位置 C. 封条两端同时用力,题干配图：纸箱封条场景选项配图：A. 边缘角落发力；B. 中间发力；C. 两端同时用力,力度控制,中级,1. 达标（2 分）：独立选择正确选项 A2. 需改进（1 分）：经提示后选择 A3. 不达标（0 分）：选择错误选项,
5. 【基础】需要固定小件物品，使用夹子时应？ A 轻夹夹紧 B 用力捏碎 C 虚夹不固定,用夹子固定小件物品，以下哪种操作最规范？A. 夹子居中夹紧物品 B. 夹子夹在物品边缘 C. 夹子只夹一半,题干配图：夹子固定小件场景选项配图：A. 居中夹紧；B. 边缘夹取；C. 只夹一半,力度控制、灵巧度,低级,1. 达标（2 分）：独立选择正确选项 A2. 需改进（1 分）：经提示后选择 A3. 不达标（0 分）：选择错误选项,
6. 【基础】端运多件物品，最合适的工具是？ A 托盘/推车 B 单手握持 C 抱在怀里,搬运多件小件物品，以下哪种工具最适合？A. 平底托盘 B. 单个夹子 C. 徒手搬运,题干配图：多件小件搬运场景选项配图：A. 平底托盘；B. 单个夹子；C. 徒手搬运,动作稳定性,低级,1. 达标（2 分）：独立选择正确选项 A2. 需改进（1 分）：经提示后选择 A3. 不达标（0 分）：选择错误选项,
7. 【岗位关联】货架补位，空缺处优先放入？ A 同款式商品 B 混搭物品 C 大件杂物,货架补位摆放商品，最核心的要求是？A. 摆放端正、不倾斜 B. 快速摆放、不管整齐度 C. 随意堆放,题干配图：货架补位场景选项配图：A. 端正摆放；B. 快速乱摆；C. 随意堆放,灵巧度、规整能力,低级,1. 达标（2 分）：独立选择正确选项 A2. 需改进（1 分）：经提示后选择 A3. 不达标（0 分）：选择错误选项,
8. 【基础】拧松紧瓶盖，手部动作要点是？ A 缓慢旋转 B 猛力拉扯 C 左右晃动,拧动瓶盖开合，最关键的动作要点是？A. 手指均匀发力、匀速旋转 B. 猛力一次性拧开 C. 只用大拇指发力,题干配图：瓶盖拧动场景选项配图：A. 均匀发力旋转；B. 猛力拧开；C. 单指发力,灵巧度、力度控制,低级,1. 达标（2 分）：独立选择正确选项 A2. 需改进（1 分）：经提示后选择 A3. 不达标（0 分）：选择错误选项,
9. 【基础】9.搬运盒装物品，双手应该？ A 捧住盒子两侧 B 只提盒子一角 C 单手抓握盒顶,搬运轻薄板材，手部最佳摆放位置是？A. 双手分别托住板材两侧边缘 B. 单手抓住板材一角 C. 双手抓住板材中间,题干配图：轻薄板材搬运场景选项配图：A. 双手托两侧；B. 单手抓一角；C. 双手抓中间,双手配合、稳定性,中级,1. 达标（2 分）：独立选择正确选项 A2. 需改进（1 分）：经提示后选择 A3. 不达标（0 分）：选择错误选项,
10. 【岗位关联】整理零散货品，第一步先？ A 分类归堆 B 随意堆放 C 直接装箱,整理桌面零散货品，第一步应当做什么？A. 先将货品分类集中 B. 直接随意摆放 C. 先把货品全部扫到一边,题干配图：零散货品整理场景选项配图：A. 分类集中；B. 随意摆放；C. 扫到一边,灵巧度、秩序操作,低级,1. 达标（2 分）：独立选择正确选项 A2. 需改进（1 分）：经提示后选择 A3. 不达标（0 分）：选择错误选项,
11. 【基础】整理捆绑好的物品，正确做法是？ A 轻轻摆放平稳 B 用力抛扔在地 C 随意丢放一旁,系简易活结，最核心的操作逻辑是？A. 先绕圈、再穿绳、匀速拉紧 B. 直接打死结 C. 随意缠绕不拉紧,题干配图：简易活结操作场景选项配图：A. 标准活结步骤；B. 打死结；C. 随意缠绕,灵巧度、力度控制,高级,1. 达标（2 分）：独立选择正确选项 A2. 需改进（1 分）：经提示后选择 A3. 不达标（0 分）：选择错误选项,
12. 【基础】区分大小物件摆放，应当？ A 大在下小在上 B 大在上小在下 C 混放一起,大小不同的物件摆放，最稳定的规则是？A. 大物件在下、小物件在上 B. 小物件在下、大物件在上 C. 大小随意摆放,题干配图：大小物件摆放场景选项配图：A. 大下小上；B. 小下大上；C. 随意摆放,动作稳定性,低级,1. 达标（2 分）：独立选择正确选项 A2. 需改进（1 分）：经提示后选择 A3. 不达标（0 分）：选择错误选项,
（三）拖拽题（8 题）,,,,,"（三）拖拽题（测评抽取 4 题，排序 / 分类 / 匹配）
1.达标（2 分）：顺序、分类、匹配内容全部正确，独立完成。
2.需改进（1 分）：仅出现1 处错误，自行修正或简单提示后可纠正，整体逻辑无误。
3.不达标（0 分）：出现2 处及以上错误；拖拽混乱；不理解分类 / 排序 / 匹配规则。",
1. 【基础】将球体、立方体、柱体，按体积从大到小拖拽排序。,请将以下几何体，按「大→中→小」的体积顺序拖拽排序,可拖拽虚拟物品：大正方体、中正方体、小正方体排序位：第 1 位、第 2 位、第 3 位,灵巧规整、视觉控制,低级,1. 达标（2 分）：顺序完全正确，独立完成2. 需改进（1 分）：经提示后调整为正确顺序3. 不达标（0 分）：顺序完全错误；拖拽混乱,
2. 【岗位关联】把 3 款仿真商品，按 “正面朝外” 标准拖拽排列。,请将以下商品，拖拽至货架上，做到正面朝外、对齐排列,可拖拽虚拟物品：盒装商品（6 个）目标区域：货架层板（带对齐引导线）,灵巧度、稳定性,低级,1. 达标（2 分）：所有商品正面朝外、对齐排列，独立完成2. 需改进（1 分）：仅 1 个商品摆放错误，经提示后纠正3. 不达标（0 分）：2 个及以上商品摆放错误；拖拽混乱,
3. 【基础】将文具、玩具、餐具，拖拽至对应分类收纳区。,请将以下物品，拖拽分类到对应的收纳区域中,可拖拽虚拟物品：文具类、玩具类、食品类各 3 个目标区域：文具收纳区、玩具收纳区、食品收纳区,手部灵巧度,低级,1. 达标（2 分）：所有物品分类全部正确，独立完成2. 需改进（1 分）：仅 1 处分类错误，经提示后纠正3. 不达标（0 分）：2 处及以上分类错误；拖拽混乱,
4. 【基础】按 “拿起→移动→放下” 动作顺序拖拽排序。,请将以下手部动作，按「拿取→摆放→整理」的正确流程拖拽排序,可拖拽虚拟步骤卡片：1. 摆放物品 2. 拿取物品 3. 整理归位排序位：第 1 步、第 2 步、第 3 步,手部灵巧度、动作稳定性,低级,1. 达标（2 分）：顺序完全正确，独立完成2. 需改进（1 分）：经提示后调整为正确顺序3. 不达标（0 分）：顺序完全错误；不理解流程,
5. 【岗位关联】模拟货品归位，将零散商品拖拽至对应货架格位。,请将以下货品，精准拖拽到货架上对应的格位中,可拖拽虚拟物品：不同品类的盒装商品目标区域：货架格位（带对应品类标识）,灵巧度、稳定性,中级,1. 达标（2 分）：所有货品精准放入对应格位，独立完成2. 需改进（1 分）：仅 1 个货品放错，经提示后纠正3. 不达标（0 分）：2 个及以上货品放错；拖拽混乱,
6. 【基础】将粗、中、细三种线材，按粗细顺序拖拽排列。,请将以下线材，按「粗→中→细」的顺序拖拽排序,可拖拽虚拟物品：粗线材、中线材、细线材排序位：第 1 位、第 2 位、第 3 位,手部灵巧度,低级,1. 达标（2 分）：顺序完全正确，独立完成2. 需改进（1 分）：经提示后调整为正确顺序3. 不达标（0 分）：顺序完全错误；拖拽混乱,
7. 【基础】把方形卡片，拖拽对齐参考边线。,请将以下卡片，拖拽拼接成完整的正方形，做到边线完全对齐,可拖拽虚拟物品：正方形拆分卡片（4 张）目标区域：拼接引导框,灵巧度、稳定性,中级,1. 达标（2 分）：所有卡片边线对齐、拼接完整，独立完成2. 需改进（1 分）：仅 1 张卡片错位，经提示后纠正3. 不达标（0 分）：2 张及以上卡片错位；无法完成拼接,
8. 【岗位关联】将空箱、货品、耗材，拖拽分区摆放。,请将以下物料，按要求拖拽到对应的分区中,可拖拽虚拟物品：A 类物料、B 类物料、C 类物料各 3 个目标区域：A 区、B 区、C 区（带明确标识）,手部灵巧度、动作稳定性,低级,1. 达标（2 分）：所有物料分区摆放正确，独立完成2. 需改进（1 分）：仅 1 个物料放错，经提示后纠正3. 不达标（0 分）：2 个及以上物料放错；拖拽混乱,
（四）实物操作题（6 题）,,,,,"（四）实物教具操作题（测评抽取 3 题，人工评分）
通用判定
1.达标（2 分）：独立完成整套动作，姿势、流程、幅度全部规范，动作连贯稳定，无安全隐患。
2.需改进（1 分）：可完成主体动作，姿势轻微变形、动作卡顿、摆放略有歪斜；需要少量口头 / 手势提醒，无安全问题。
3.不达标（0 分）：频繁失误、物品反复掉落、无法完成动作；动作严重不规范；出现挥舞工具、抛扔货品等危险行为；抗拒操作。",
1. 【基础】使用夹子，依次夹取5个珠子，动作规范。,请用长尾夹，将桌面上的多张卡纸，连续夹合固定，做到夹取牢固、摆放整齐,所需教具：长尾夹、A4 卡纸（5 张）、操作台面场景：独立操作台面，无干扰,灵巧度、力度控制,中级,1. 达标（2 分）：独立完成所有卡纸夹合，夹取牢固、摆放整齐，无安全隐患2. 需改进（1 分）：可完成夹合，仅 1 个夹子夹取不牢，经提醒后纠正3. 不达标（0 分）：无法完成夹合；夹子使用姿势错误；抗拒操作,
2. 【基础】拿起便携水平仪（水准仪），保持水平状态。,请模拟拆纸箱的整套动作，做到扶箱固定、平稳撕开封条、无暴力撕扯,所需教具：带封条的模拟纸箱、操作台面场景：独立操作区域，无干扰,稳定性,中级,1. 达标（2 分）：独立完成拆箱整套动作，姿势规范、无暴力撕扯，无安全隐患2. 需改进（1 分）：可完成拆箱，动作轻微不规范，经提醒后纠正3. 不达标（0 分）：无法完成拆箱；动作严重不规范；出现危险动作；抗拒操作,
3. 【基础】双手配合，折叠正方形卡纸为三角造型。,请将桌面上的正方形卡纸，折叠成标准的等腰三角形，做到边角对齐、纸面平整,所需教具：正方形卡纸、操作台面场景：独立操作台面，无干扰,双手配合、灵巧度,中级,1. 达标（2 分）：独立完成折叠，三角造型标准、边角对齐、纸面平整2. 需改进（1 分）：可完成折叠，造型轻微不标准，经提醒后纠正3. 不达标（0 分）：无法完成折叠；造型严重错误；抗拒操作,
4. 【岗位关联】将 6 件仿真商品，整齐摆放在模拟层板上。,请将桌面上的仿真商品，整齐摆放在货架层板上，做到摆放端正、间距均匀、正面朝外,所需教具：仿真盒装商品、货架层板、操作台面场景：独立操作区域，无干扰,稳定性、灵巧度,低级,1. 达标（2 分）：独立完成所有商品摆放，端正整齐、间距均匀、正面朝外2. 需改进（1 分）：仅 1 个商品摆放不规范，经提醒后纠正3. 不达标（0 分）：2 个及以上商品摆放错误；无法完成摆放；抗拒操作,
5. 【基础】单手端托盘，平稳行走 3 米，物品不滑落。,请单手端起装有小件物品的托盘，平稳行走完成指定路线，全程托盘不倾斜、物品不洒落,所需教具：平底托盘、小件物品、起点 / 终点标识线、直线通道场景：无障碍室内通道，路线长度 5 米,动作稳定性、力度控制,中级,1. 达标（2 分）：独立完成行走，全程托盘平稳、无倾斜、物品无洒落2. 需改进（1 分）：可完成行走，托盘轻微倾斜，经提醒后纠正3. 不达标（0 分）：无法完成行走；托盘严重倾斜、物品洒落；抗拒操作,
6. 【基础】左右手交替传递积木，连续完成 5 次传递。,请用左右手交替传递桌面上的积木，做到衔接顺畅、全程无掉落、无卡顿,所需教具：方形积木、操作台面场景：独立操作台面，无干扰,双手配合、稳定性,中级,1. 达标（2 分）：独立完成 10 次交替传递，全程顺畅、无掉落、无卡顿2. 需改进（1 分）：可完成传递，仅 1 次险些掉落，经提醒后纠正3. 不达标（0 分）：无法完成传递；频繁掉落；抗拒操作,
7.  【基础】手指捏住瓶盖，完整拧开、拧紧循环操作。,请用手指捏住瓶盖，完整完成拧开、拧紧整套循环动作,带塑料瓶盖的空水瓶，平整操作台,灵巧度、力度控制,低级,"1.达标（2 分）：独立流畅完成拧开 + 拧紧完整循环，手指发力均匀，不打滑、不蛮力挤压瓶身，无需提醒
2.需改进（1 分）：可完成整套动作，中途轻微打滑，经一次简单提示后顺利完成，无暴力操作
3.不达标（0 分）：全程无法拧动瓶盖；用力过猛捏扁瓶身；抗拒操作",
8.【基础】按要求叠高5个积木，保持直立。,将 5 块积木逐层叠高，堆叠全程保持直立不倒塌,大小统一方形实木积木 5 块，平整防滑操作台面,动作稳定性、灵巧度、双手配合,低级,"达标（2 分）：独立逐层平稳叠满 5 块，堆叠笔直无倾斜，全程不倒，无需提醒
需改进（1 分）堆叠时轻微歪斜，轻微晃动，小幅调整后成功叠满 5 块，无大面积倒塌
不达标（0 分）叠 3 块以内就频繁倒塌；随意抛掷积木；拒绝操作",
9.【基础】画一个圆形图片,拿笔在纸上画出完整圆形图案,白纸、粗头安全彩笔，桌面无杂物，提供简易样图参考,手部灵巧度、稳定性,中级,,
10.【基础】切2个磁性切切乐玩具,使用配套磁性刀具，平稳切割 2 个磁性食材玩具，切割到位不蛮力,磁性切切乐果蔬 2 个、配套安全磁性小刀、专用操作垫板,手部灵巧度、力度控制、双手配合,中级,"1.达标（2 分）一手固定食材，一手平稳下刀，2 个全部完整切开，力度适中不拍打、不摔玩具
2.需改进（1 分）固定不稳轻微滑动，经提醒后扶稳完成全部切割，无暴力拍打动作
3.不达标（0 分）蛮力拍打、抛掷玩具；完全不会双手配合固定；抗拒操作",
二、认知理解能力（40 题）,,,"1. 物品与物象识别：品类识别、图形识别、颜色识别、商品/物件状态识别（完整/破损、同款/不同款）
2. 指令与方位理解：单/多步口头指令、方位词（内外、左右、上下）、顺序规则理解
3. 数理与数量认知：10以内数字识别、数量对比、数字排序、数量匹配
4. 分类与规则逻辑：物品分类、区域匹配、商品摆放规则、对错逻辑判断、场景规则认知",,"1.核心关注点：物品 / 图形 / 数字识别、方位判断、分类、规则理解。
2.特殊规则：价签、货品、区域类题目连续答错，判定认知能力薄弱。
结果应用： 
1.达标：学习商品区分、生产日期、价签识别等岗位认知内容；
2..需改进：强化图文、数字、分类专项训练；
3..不达标：从基础物品、图形认知重新启蒙。",
（一）判断题（14 题）,,,,,,
1. 【基础】能准确识别图片中的蔬菜品类。,请观看图片，判断图片中的物品是否为蔬菜？,正确版：图片展示常见蔬菜（如白菜、胡萝卜）错误版：图片展示非蔬菜类物品（如水果、文具）,物品与物象识别,低级,1. 达标（2 分）：独立判断正确，无犹豫2. 需改进（1 分）：经提示后判断正确3. 不达标（0 分）：判断错误,
2. 【基础】区分三角形与圆形两种图形。,请观看图片，判断图片中的图形是否为三角形？,正确版：图片展示标准三角形图形错误版：图片展示圆形 / 方形 / 心形等非三角形图形,物品与物象识别,低级,1. 达标（2 分）：独立判断正确2. 需改进（1 分）：经提示后判断正确3. 不达标（0 分）：判断错误,
3. 【岗位关联】识别 “饮料区” 区域标识，判断区域属性正确。,请观看图片，判断该区域标识是否为饮料区？,正确版：图片展示带「饮料区」文字的标准区域标识错误版：图片展示「零食区」「日化区」等非饮料区标识,分类与规则逻辑,低级,1. 达标（2 分）：独立判断正确2. 需改进（1 分）：经提示后判断正确3. 不达标（0 分）：判断错误,
4. 【基础】听懂连续两步简单指令并做出反应。,请观看视频，判断视频中的人物是否正确完成了连续两步指令？,正确版：人物听到「先拿起杯子、再放到桌子上」的指令，准确完成两步动作错误版：人物只完成了其中一步动作、或动作完全错误,指令与方位理解,中级,1. 达标（2 分）：独立判断正确2. 需改进（1 分）：经提示后判断正确3. 不达标（0 分）：判断错误,
5. 【基础】判断两组物品数量是否相等。,请观看图片，判断左右两组物品的数量是否相等？,正确版：左右两组物品数量完全相同（如都是 3 个苹果）错误版：左右两组物品数量不同（如左边 2 个、右边 4 个）,数理与数量认知,低级,1. 达标（2 分）：独立判断正确2. 需改进（1 分）：经提示后判断正确3. 不达标（0 分）：判断错误,
6. 【岗位关联】识别商品外包装图案，判断是否为同款货品。,请观看两组商品图片，判断它们是否为同款货品？,正确版：两组商品外包装图案、品牌、规格完全一致错误版：两组商品外包装图案、品牌明显不同,物品与物象识别、分类与规则逻辑,中级,1. 达标（2 分）：独立判断正确2. 需改进（1 分）：经提示后判断正确3. 不达标（0 分）：判断错误,
7. 【基础】区分红色、橙色两种相近色彩。,请观看图片，判断图片中的颜色是否为红色？,正确版：图片展示标准红色色块 / 物品错误版：图片展示橙色 / 黄色等非红色色块 / 物品,物品与物象识别,中级,1. 达标（2 分）：独立判断正确2. 需改进（1 分）：经提示后判断正确3. 不达标（0 分）：判断错误,
8. 【基础】理解 “把物品放到盒子外侧” 的方位指令。,请观看视频，判断视频中的人物是否正确完成了方位指令？,正确版：人物听到指令后，将物品准确放到盒子的外侧位置错误版：人物将物品放到了盒子内侧 / 上方 / 下方等错误位置,指令与方位理解,低级,1. 达标（2 分）：独立判断正确2. 需改进（1 分）：经提示后判断正确3. 不达标（0 分）：判断错误,
9. 【岗位关联】判断价签与对应商品是否匹配。,请观看图片，判断价签与对应的商品是否匹配？,正确版：价签上的商品名称、规格、价格与对应商品完全一致错误版：价签与商品名称、规格明显不匹配,分类与规则逻辑,中级,1. 达标（2 分）：独立判断正确2. 需改进（1 分）：经提示后判断正确3. 不达标（0 分）：判断错误,
10. 【基础】识别 10 以内阿拉伯数字。,请观看图片，判断图片中的数字是否为你听到的数字？,正确版：图片展示的阿拉伯数字与播报的数字完全一致错误版：图片展示的数字与播报的数字不同,数理与数量认知,低级,1. 达标（2 分）：独立判断正确2. 需改进（1 分）：经提示后判断正确3. 不达标（0 分）：判断错误,
11. 【基础】判断物品 “完整 / 破损” 两种状态。,请观看图片，判断图片中的物品是否为完整状态？,正确版：图片展示完好无损、无破损的物品错误版：图片展示有开裂、破损、变形的物品,物品与物象识别,低级,1. 达标（2 分）：独立判断正确2. 需改进（1 分）：经提示后判断正确3. 不达标（0 分）：判断错误,
12. 【岗位关联】判断 “同类商品摆放在一起” 是否合理。,请观看图片，判断图中商品的摆放方式是否合理？,正确版：图中同类商品集中摆放在一起，分类清晰错误版：图中不同类商品杂乱混放，无分类逻辑,分类与规则逻辑,低级,1. 达标（2 分）：独立判断正确2. 需改进（1 分）：经提示后判断正确3. 不达标（0 分）：判断错误,
13. 【基础】工作工具和废弃杂物。,请观看图片，判断图片中的图案是否为心形？,正确版：图片展示标准心形图案错误版：图片展示圆形 / 方形 / 三角形等非心形图案,物品与物象识别、分类与规则逻辑,低级,1. 达标（2 分）：独立判断正确2. 需改进（1 分）：经提示后判断正确3. 不达标（0 分）：判断错误,
14. 【基础】理解 “先做完一件事，再做下一件事” 的顺序规则。,请观看视频，判断视频中的人物是否遵守了先完成一件事、再做下一件事的顺序规则？,正确版：人物按顺序完成「先整理桌面、再摆放物品」，一件事做完再做下一件错误版：人物两件事同时做、或顺序完全颠倒,指令与方位理解、分类与规则逻辑,中级,1. 达标（2 分）：独立判断正确2. 需改进（1 分）：经提示后判断正确3. 不达标（0 分）：判断错误,
（二）单项选择题（12 题）,,,,,,
1. 【基础】以下哪一个属于学习用品？ A 铅笔 B 水杯 C 水果,以下哪一个物品属于学习用品？A. 铅笔 B. 水杯 C. 水果,题干配图：三个选项的对应物品图片选项配图：A. 铅笔；B. 水杯；C. 水果,分类与规则逻辑,低级,1. 达标（2 分）：独立选择正确选项 A2. 需改进（1 分）：经提示后选择 A3. 不达标（0 分）：选择错误选项,
2. 【岗位关联】货架上摆放的瓶装饮品是？ A 饮用水 B 零食 C 玩具,货架上摆放的瓶装饮品，属于以下哪一类？A. 饮用水 B. 零食 C. 玩具,题干配图：货架上的瓶装饮用水场景选项配图：A. 饮用水；B. 零食；C. 玩具,物品与物象识别,低级,1. 达标（2 分）：独立选择正确选项 A2. 需改进（1 分）：经提示后选择 A3. 不达标（0 分）：选择错误选项,
3. 【基础】数字 7 的前一个数字是？ A 6 B 8 C 9,数字 7 的前一个数字是以下哪一个？A. 6 B. 8 C. 9,题干配图：1-10 数字序列引导图选项配图：A. 数字 6；B. 数字 8；C. 数字 9,数理与数量认知,低级,1. 达标（2 分）：独立选择正确选项 A2. 需改进（1 分）：经提示后选择 A3. 不达标（0 分）：选择错误选项,
4. 【岗位关联】用来标注商品价格的是？ A 价签 B 包装 C 胶带,用来标注商品价格的，是以下哪一个？A. 价签 B. 商品包装 C. 胶带,题干配图：商品与价签的对应场景选项配图：A. 价签；B. 商品包装；C. 胶带,物品与物象识别、分类与规则逻辑,低级,1. 达标（2 分）：独立选择正确选项 A2. 需改进（1 分）：经提示后选择 A3. 不达标（0 分）：选择错误选项,
5. 【基础】以下图形属于圆形的是？ A 皮球图案 B 方块图案 C 长条图案,以下哪一个图形属于圆形？A. 皮球图案 B. 方块图案 C. 长条图案,题干配图：三个选项的对应图形选项配图：A. 圆形皮球图案；B. 方形图案；C. 长条图案,物品与物象识别,低级,1. 达标（2 分）：独立选择正确选项 A2. 需改进（1 分）：经提示后选择 A3. 不达标（0 分）：选择错误选项,
6. 【基础】指令 “拿起左边的物品”，应选择？ A 左侧物件 B 右侧物件 C 中间物件,听到指令「拿起左边的物品」，你应当选择以下哪一个？A. 左侧的物件 B. 右侧的物件 C. 中间的物件,题干配图：左中右三个物品的摆放场景选项配图：A. 左侧物件；B. 右侧物件；C. 中间物件,指令与方位理解,低级,1. 达标（2 分）：独立选择正确选项 A2. 需改进（1 分）：经提示后选择 A3. 不达标（0 分）：选择错误选项,
7. 【岗位关联】临期商品需要单独存放，该说法？ A 正确 B 错误 C 不清楚,临期商品需要单独存放，这个说法是？A. 正确 B. 错误 C. 不清楚,题干配图：临期商品单独存放的场景选项配图：A. 正确；B. 错误；C. 不清楚,分类与规则逻辑,中级,1. 达标（2 分）：独立选择正确选项 A2. 需改进（1 分）：经提示后选择 A3. 不达标（0 分）：选择错误选项,
8. 【基础】三种物品里，数量最少的是？ A 1 个 B 3 个 C 5 个,以下三组物品中，数量最少的是哪一组？A. 1 个物品 B. 3 个物品 C. 5 个物品,题干配图：三组不同数量的物品图片选项配图：A.1 个物品；B.3 个物品；C.5 个物品,数理与数量认知,低级,1. 达标（2 分）：独立选择正确选项 A2. 需改进（1 分）：经提示后选择 A3. 不达标（0 分）：选择错误选项,
9. 【基础】9.下面物品是什么颜色的？ A 蓝色 B 红色 C 黄色,以下哪一种颜色属于冷色调？A. 蓝色 B. 红色 C. 黄色,题干配图：三个选项的对应色块选项配图：A. 蓝色；B. 红色；C. 黄色,物品与物象识别,中级,1. 达标（2 分）：独立选择正确选项 A2. 需改进（1 分）：经提示后选择 A3. 不达标（0 分）：选择错误选项,
10. 【岗位关联】库房货品摆放要求 “重下轻上”，该规则？ A 遵守 B 无视 C 随意更改,库房货品摆放要求「重下轻上」，这个规则我们应当？A. 严格遵守 B. 无视 C. 随意更改,题干配图：货品重下轻上的标准摆放场景选项配图：A. 严格遵守；B. 无视；C. 随意更改,分类与规则逻辑,中级,1. 达标（2 分）：独立选择正确选项 A2. 需改进（1 分）：经提示后选择 A3. 不达标（0 分）：选择错误选项,
11. 【基础】判断物品状态，完好无损的是？ A 完整物件 B 开裂物件 C 变形物件,以下哪一个物品是完好无损的？A. 完整的杯子 B. 开裂的杯子 C. 变形的杯子,题干配图：三个选项的对应物品图片选项配图：A. 完整杯子；B. 开裂杯子；C. 变形杯子,物品与物象识别,低级,1. 达标（2 分）：独立选择正确选项 A2. 需改进（1 分）：经提示后选择 A3. 不达标（0 分）：选择错误选项,
12. 【基础】“大小匹配”，大盒子应搭配？ A 大件物品 B 小件物品 C 细长物品,按照「大小匹配」的规则，大盒子应当搭配以下哪一种物品？A. 大件物品 B. 小件物品 C. 细长物品,题干配图：大盒子与不同大小物品的场景选项配图：A. 大件物品；B. 小件物品；C. 细长物品,分类与规则逻辑,低级,1. 达标（2 分）：独立选择正确选项 A2. 需改进（1 分）：经提示后选择 A3. 不达标（0 分）：选择错误选项,
（三）拖拽题（8 题）,,,,,,
1. 【基础】按 “红→黄→绿” 顺序，拖拽色彩卡片排列。,请将以下色彩卡片，按「红→黄→绿」的顺序拖拽排列,可拖拽虚拟物品：红色卡片、黄色卡片、绿色卡片排序位：第 1 位、第 2 位、第 3 位,物品与物象识别、指令与方位理解,低级,1. 达标（2 分）：顺序完全正确，独立完成2. 需改进（1 分）：经提示后调整为正确顺序3. 不达标（0 分）：顺序完全错误；拖拽混乱,
2. 【岗位关联】将零食、日化、饮料，拖拽至对应区域框。,请将以下商品，拖拽分类到对应的区域框中,可拖拽虚拟物品：零食类、日化类、饮料类商品各 3 个目标区域：零食区、日化区、饮料区（带明确标识）,分类与规则逻辑,低级,1. 达标（2 分）：所有商品分类全部正确，独立完成2. 需改进（1 分）：仅 1 处分类错误，经提示后纠正3. 不达标（0 分）：2 处及以上分类错误；拖拽混乱,
3. 【基础】把动物、植物、生活用品，完成三类分类拖拽。,请将以下物品，拖拽分类到对应的三个类别中,可拖拽虚拟物品：动物类、植物类、生活用品类各 3 个目标区域：动物类、植物类、生活用品类分类框,分类与规则逻辑,低级,1. 达标（2 分）：所有物品分类全部正确，独立完成2. 需改进（1 分）：仅 1 处分类错误，经提示后纠正3. 不达标（0 分）：2 处及以上分类错误；拖拽混乱,
4. 【基础】按数字 1-5 顺序，拖拽数字卡片排序。,请将以下数字卡片，按「1→2→3→4→5」的顺序拖拽排列,可拖拽虚拟物品：数字 1、2、3、4、5 卡片排序位：第 1 位至第 5 位,数理与数量认知,低级,1. 达标（2 分）：顺序完全正确，独立完成2. 需改进（1 分）：经提示后调整为正确顺序3. 不达标（0 分）：顺序完全错误；拖拽混乱,
5. 【岗位关联】将正常商品、破损商品，拖拽至不同收纳区。,请将以下商品，拖拽分类到对应的收纳区中,可拖拽虚拟物品：正常商品、破损商品各 4 个目标区域：正常商品收纳区、破损商品收纳区,物品与物象识别、分类与规则逻辑,低级,1. 达标（2 分）：所有商品分类全部正确，独立完成2. 需改进（1 分）：仅 1 处分类错误，经提示后纠正3. 不达标（0 分）：2 处及以上分类错误；拖拽混乱,
6. 【基础】按 “大→中→小”，拖拽三款图形排序。,请将以下图形，按「大→中→小」的尺寸顺序拖拽排列,可拖拽虚拟物品：大正方形、中正方形、小正方形排序位：第 1 位、第 2 位、第 3 位,物品与物象识别、数理与数量认知,低级,1. 达标（2 分）：顺序完全正确，独立完成2. 需改进（1 分）：经提示后调整为正确顺序3. 不达标（0 分）：顺序完全错误；拖拽混乱,
7. 【基础】根据指令，将物品拖拽至 “上方 / 下方” 指定位置。,请根据指令，将物品拖拽到「上方」或「下方」的指定位置中,可拖拽虚拟物品：目标物品目标区域：上方指定框、下方指定框,指令与方位理解,低级,1. 达标（2 分）：物品拖拽到正确位置，独立完成2. 需改进（1 分）：经提示后拖拽到正确位置3. 不达标（0 分）：拖拽到错误位置；不理解指令,
8. 【岗位关联】将价签与对应商品，完成匹配拖拽。,请将以下价签，拖拽匹配到对应的商品上,可拖拽虚拟物品：商品价签（4 个）目标区域：对应商品的匹配位,分类与规则逻辑,中级,1. 达标（2 分）：所有价签与商品完全匹配，独立完成2. 需改进（1 分）：仅 1 个价签匹配错误，经提示后纠正3. 不达标（0 分）：2 个及以上价签匹配错误；拖拽混乱,
（四）实物操作题（6 题）,,,,,,
1. 【基础】根据口头指令，依次取出 3 种指定实物。,请根据听到的口头指令，依次从桌面上取出 3 种指定的实物,所需教具：日常实物（如杯子、铅笔、苹果等）、操作台面场景：独立操作台面，无干扰,指令与方位理解、物品与物象识别,低级,1. 达标（2 分）：独立完成，3 种实物全部按指令正确取出2. 需改进（1 分）：仅 1 种实物取错，经提示后纠正3. 不达标（0 分）：2 种及以上实物取错；无法理解指令；抗拒操作,
2. 【岗位关联】将同款仿真商品，集中摆放到同一区域。,请将桌面上的仿真商品，把同款的集中摆放到同一个区域中,所需教具：不同款的仿真盒装商品、操作台面、区域划分标识场景：独立操作区域，无干扰,物品与物象识别、分类与规则逻辑,低级,1. 达标（2 分）：独立完成，所有同款商品全部集中摆放，分类正确2. 需改进（1 分）：仅 1 款商品摆放错误，经提示后纠正3. 不达标（0 分）：2 款及以上商品摆放错误；无法完成分类；抗拒操作,
3. 【基础】对照样图，找出桌面指定图形卡片。,请对照桌面上的样图，从一堆卡片中找出和样图完全一样的图形卡片,所需教具：图形样图、图形卡片（含目标图形和干扰图形）、操作台面场景：独立操作台面，无干扰,物品与物象识别,低级,1. 达标（2 分）：独立完成，快速准确找出目标图形卡片2. 需改进（1 分）：经少量提示后找出目标卡片3. 不达标（0 分）：无法找出目标卡片；找错卡片；抗拒操作,
4. 【岗位关联】区分两款不同货品，分别放入对应收纳盒。,请区分桌面上的两款不同货品，分别放入对应的收纳盒中,所需教具：两款不同的仿真货品、两个对应标识的收纳盒、操作台面场景：独立操作区域，无干扰,物品与物象识别、分类与规则逻辑,低级,1. 达标（2 分）：独立完成，所有货品全部正确放入对应收纳盒2. 需改进（1 分）：仅 1 个货品放错，经提示后纠正3. 不达标（0 分）：2 个及以上货品放错；无法完成分类；抗拒操作,
5. 【基础】点数桌面物品，说出准确数量并指认对应数字卡。,请点数桌面上的物品，说出准确的数量，然后从数字卡中找出对应的数字,所需教具：桌面物品（1-10 个）、1-10 数字卡片、操作台面场景：独立操作台面，无干扰,数理与数量认知,低级,1. 达标（2 分）：独立完成，点数准确、数字卡指认正确2. 需改进（1 分）：点数或指认轻微错误，经提示后纠正3. 不达标（0 分）：点数错误；指认错误；无法完成；抗拒操作,
6. 【基础】根据方位提示，把物品摆放在左侧 / 右侧指定位置。,请根据听到的方位提示，把桌面上的物品摆放到左侧或右侧的指定位置中,所需教具：目标物品、左右位置标识、操作台面场景：独立操作台面，无干扰,指令与方位理解,低级,1. 达标（2 分）：独立完成，物品全部按提示摆放到正确位置2. 需改进（1 分）：仅 1 次摆放错误，经提示后纠正3. 不达标（0 分）：2 次及以上摆放错误；无法理解指令；抗拒操作,
7【基础】指认3种常见物品,请根据指令，依次指出桌面上 3 种常见物品,桌面摆放水杯、苹果、铅笔、毛巾等日常实物，干扰物品 2-3 件；测评人口头依次报物品名称让被试指认,物品与物象识别,低级,"1.达标（2 分）：无需提示，一次性准确指认全部 3 种指定物品，无指错
2.需改进（1 分）其中 1 件指认错误，简单提醒物品外形后能纠正找出
3.不达标（0 分）2 件及以上指认错误，全程乱指、拒绝配合指认",
8【基础】指认卡片中3种职业人物,听指令，从卡片里分别指出 3 种不同职业人物,一套人物卡片，包含店员、老师、医生、司机等职业图卡，平铺桌面；测评员口述职业名称进行指认测试,物品与物象识别,低级,"1.达标（2 分）独立准确找出 3 种指定职业卡片，无混淆认错
2.需改进（1 分）1 张卡片识别错误，简单提示人物特征后可更正
3.不达标（0 分）认错 2 张及以上，不愿看卡片、拒绝指认",
三、规则执行能力（40 题）,,,"1. 指令响应执行：接收指令、即时响应、服从指令、终止指令、多指令连续执行
2. 秩序与边界遵守：排队秩序、活动区域边界、公共秩序、集体规则、不违规打闹
3. 任务坚持与闭环：任务不半途放弃、限时完成、逐项有序完成、做完自查、收尾闭环
4. 岗位规范与流程：理货作业流程、工具归位、岗位动线、离岗规范、作业标准执行",,"1.核心关注点：指令服从、流程顺序、自我约束、任务坚持性。
2.特殊规则：频繁乱序、中途放弃、擅自脱离区域，本题最高记 1 分。
结果应用： 
1.达标：学习岗位流程、在岗行为规则；
2.需改进：加强秩序感、任务持续性、指令听从训练；
3.不达标：优先训练基础秩序感与指令服从能力。",
（一）判断题（14 题）,,,,,,
1. 【基础】听到停止指令，立刻停下手中动作。,请观看视频，判断视频中的人物是否正确执行了停止指令？,正确版：人物听到停止指令后，立刻停下手中的动作，无延迟错误版：人物听到停止指令后，没有停下动作、或延迟很久才停下,指令响应执行,低级,1. 达标（2 分）：独立判断正确，无犹豫2. 需改进（1 分）：经提示后判断正确3. 不达标（0 分）：判断错误,
2. 【基础】集体活动中，排队不插队、不推挤。,请观看视频，判断视频中的人物是否遵守了排队规则？,正确版：人物在集体活动中，按顺序排队，无插队、无推挤他人的动作错误版：人物在排队时插队、推挤前方的人，不遵守排队秩序,秩序与边界遵守,低级,1. 达标（2 分）：独立判断正确2. 需改进（1 分）：经提示后判断正确3. 不达标（0 分）：判断错误,
3. 【岗位关联】工作期间，在指定区域活动，不随意游走。,请观看视频，判断视频中的人物是否遵守了区域活动规则？,正确版：人物在工作期间，全程在指定的作业区域内活动，无随意游走、离开的行为错误版：人物在工作期间，随意离开指定区域，在卖场 / 库房内无目的游走,秩序与边界遵守、岗位规范与流程,低级,1. 达标（2 分）：独立判断正确2. 需改进（1 分）：经提示后判断正确3. 不达标（0 分）：判断错误,
4. 【基础】一件任务未完成，不中途无故放弃。,请观看视频，判断视频中的人物是否做到了任务不中途放弃？,正确版：人物在完成一件任务的过程中，全程坚持，无中途无故放弃、停下的行为错误版：人物在任务未完成时，中途无故放弃，停下手中的动作去做其他事,任务坚持与闭环,低级,1. 达标（2 分）：独立判断正确2. 需改进（1 分）：经提示后判断正确3. 不达标（0 分）：判断错误,
5. 【基础】多人协作时，听从统一安排，不我行我素。,请观看视频，判断视频中的人物是否遵守了多人协作的规则？,正确版：人物在多人协作时，听从统一的安排，配合完成动作，无我行我素、不配合的行为错误版：人物在多人协作时，不听从安排，自己做自己的事，不配合团队,指令响应执行、秩序与边界遵守,中级,1. 达标（2 分）：独立判断正确2. 需改进（1 分）：经提示后判断正确3. 不达标（0 分）：判断错误,
6. 【岗位关联】按照既定步骤整理货品，不更改操作顺序。,请观看视频，判断视频中的人物是否按既定步骤完成了货品整理？,正确版：人物按照「取货→整理→归位」的既定步骤，依次完成货品整理，无更改操作顺序的行为错误版：人物整理货品时，随意更改操作步骤，顺序混乱，不按既定流程执行,岗位规范与流程、任务坚持与闭环,中级,1. 达标（2 分）：独立判断正确2. 需改进（1 分）：经提示后判断正确3. 不达标（0 分）：判断错误,
7. 【基础】在规定时间内，完成分配的简单任务。,请观看视频，判断视频中的人物是否在规定时间内完成了任务？,正确版：人物在规定的时间内，顺利完成了分配的简单任务，无超时、未完成的情况错误版：人物在规定时间内，没有完成分配的任务，或超时很久才完成,任务坚持与闭环,低级,1. 达标（2 分）：独立判断正确2. 需改进（1 分）：经提示后判断正确3. 不达标（0 分）：判断错误,
8. 【基础】公共区域内，不大声喧哗、打闹。,请观看视频，判断视频中的人物是否遵守了公共区域的规则？,正确版：人物在公共区域内，全程保持安静，无大声喧哗、打闹的行为错误版：人物在公共区域内，大声喧哗、追逐打闹，影响他人,秩序与边界遵守,低级,1. 达标（2 分）：独立判断正确2. 需改进（1 分）：经提示后判断正确3. 不达标（0 分）：判断错误,
9. 【岗位关联】非工作物品，不带入作业区域。,请观看视频，判断视频中的人物是否遵守了作业区域的物品管理规则？,正确版：人物进入作业区域时，没有携带零食、玩具等非工作物品，全程遵守规则错误版：人物将零食、玩具等非工作物品，带入了作业区域，不遵守管理规则,岗位规范与流程、秩序与边界遵守,低级,1. 达标（2 分）：独立判断正确2. 需改进（1 分）：经提示后判断正确3. 不达标（0 分）：判断错误,
10. 【基础】别人正在做事，不随意打断。,请观看视频，判断视频中的人物是否遵守了社交规则？,正确版：在别人正在做事的过程中，人物没有随意上前打断、干扰他人的行为错误版：在别人正在做事时，人物随意上前打断、干扰他人，不遵守社交规则,秩序与边界遵守,低级,1. 达标（2 分）：独立判断正确2. 需改进（1 分）：经提示后判断正确3. 不达标（0 分）：判断错误,
11. 【基础】用完物品，及时放回原位。,请观看视频，判断视频中的人物是否做到了物品用完放回原位？,正确版：人物用完物品后，及时将物品放回了原来的位置，摆放整齐错误版：人物用完物品后，随手丢弃、随意摆放，没有放回原位,任务坚持与闭环、岗位规范与流程,低级,1. 达标（2 分）：独立判断正确2. 需改进（1 分）：经提示后判断正确3. 不达标（0 分）：判断错误,
12. 【岗位关联】离岗休息前，主动告知身边工作人员。,请观看视频，判断视频中的人物是否遵守了离岗告知规则？,正确版：人物在离岗休息前，主动向身边的工作人员告知了自己的去向和离岗时间错误版：人物在离岗休息前，没有告知身边的工作人员，直接离开岗位,岗位规范与流程,中级,1. 达标（2 分）：独立判断正确2. 需改进（1 分）：经提示后判断正确3. 不达标（0 分）：判断错误,
13. 【基础】遵守先后顺序，耐心等待轮到自己。,请观看视频，判断视频中的人物是否遵守了先后顺序规则？,正确版：人物在需要排队等待的场景中，遵守先后顺序，耐心等待轮到自己，无插队、争抢的行为错误版：人物在等待时，不遵守先后顺序，插队、争抢，不耐心等待,秩序与边界遵守,低级,1. 达标（2 分）：独立判断正确2. 需改进（1 分）：经提示后判断正确3. 不达标（0 分）：判断错误,
14. 【基础】面对多项任务，按要求逐一完成，不混乱操作。,请观看视频，判断视频中的人物是否按要求完成了多项任务？,正确版：人物面对多项任务时，按要求的顺序逐一完成，全程有序，无混乱操作、跳步的行为错误版：人物面对多项任务时，顺序混乱，跳步操作，没有按要求逐一完成,任务坚持与闭环、指令响应执行,中级,1. 达标（2 分）：独立判断正确2. 需改进（1 分）：经提示后判断正确3. 不达标（0 分）：判断错误,
（二）单项选择题（12 题）,,,,,,
1. 【基础】收到新指令后，第一时间应当？ A 立即执行 B 原地发呆 C 拒绝配合,收到新的指令后，你第一时间应当做什么？A. 立即执行 B. 原地发呆 C. 拒绝配合,题干配图：人物接收指令的场景选项配图：A. 立即执行动作；B. 原地发呆；C. 拒绝配合,指令响应执行,低级,1. 达标（2 分）：独立选择正确选项 A2. 需改进（1 分）：经提示后选择 A3. 不达标（0 分）：选择错误选项,
2. 【岗位关联】到下班时间，应当？ A 完成所有工作，和主管汇报再离开 B 直接离开 C 拖延不走,到了下班的时间，你应当做什么？A. 完成收尾工作再离岗 B. 直接离开岗位 C. 拖延不走,题干配图：下班离岗的场景选项配图：A. 完成收尾工作；B. 直接离开；C. 拖延不走,岗位规范与流程、任务坚持与闭环,低级,1. 达标（2 分）：独立选择正确选项 A2. 需改进（1 分）：经提示后选择 A3. 不达标（0 分）：选择错误选项,
3. 【基础】排队等待时，正确行为是？ A 安静站立 B 来回跑动 C 拉扯他人,排队等待的时候，以下哪一种行为是正确的？A. 安静站立等待 B. 来回跑动 C. 拉扯他人,题干配图：排队等待的场景选项配图：A. 安静站立；B. 来回跑动；C. 拉扯他人,秩序与边界遵守,低级,1. 达标（2 分）：独立选择正确选项 A2. 需改进（1 分）：经提示后选择 A3. 不达标（0 分）：选择错误选项,
4. 【岗位关联】分配新的整理任务，应当？ A 按要求执行 B 故意拖延 C 拒绝接受,分配了新的货品整理任务，你应当做什么？A. 按要求认真执行 B. 故意拖延不做 C. 拒绝接受任务,题干配图：分配整理任务的场景选项配图：A. 按要求执行；B. 故意拖延；C. 拒绝接受,指令响应执行、岗位规范与流程,低级,1. 达标（2 分）：独立选择正确选项 A2. 需改进（1 分）：经提示后选择 A3. 不达标（0 分）：选择错误选项,
5. 【基础】任务做到一半想休息，应当？ A 请示后再休息 B 直接停下 C 偷偷玩耍,任务做到一半，你想休息了，以下哪一种做法是正确的？A. 向工作人员请示后再休息 B. 直接停下任务休息 C. 偷偷去玩耍,题干配图：任务进行中的场景选项配图：A. 请示后休息；B. 直接停下；C. 偷偷玩耍,任务坚持与闭环、秩序与边界遵守,低级,1. 达标（2 分）：独立选择正确选项 A2. 需改进（1 分）：经提示后选择 A3. 不达标（0 分）：选择错误选项,
6. 【基础】看到他人违规，自己应当？ A 遵守规则 B 模仿对方 C 起哄打闹,看到其他同学违反了规则，你自己应当做什么？A. 继续遵守规则 B. 模仿对方的违规行为 C. 跟着起哄打闹,题干配图：他人违规的场景选项配图：A. 遵守规则；B. 模仿违规；C. 起哄打闹,秩序与边界遵守,低级,1. 达标（2 分）：独立选择正确选项 A2. 需改进（1 分）：经提示后选择 A3. 不达标（0 分）：选择错误选项,
7. 【岗位关联】作业区域的工具，使用原则是？ A 用完归位 B 随处乱放 C 随手丢弃,作业区域的工具，使用的核心原则是什么？A. 用完后放回原位 B. 随处乱放 C. 随手丢弃,题干配图：作业区域工具使用的场景选项配图：A. 用完归位；B. 随处乱放；C. 随手丢弃,岗位规范与流程、任务坚持与闭环,低级,1. 达标（2 分）：独立选择正确选项 A2. 需改进（1 分）：经提示后选择 A3. 不达标（0 分）：选择错误选项,
8. 【基础】连续执行多个指令，应当？ A 逐条完成 B 跳步操作 C 只做喜欢的,需要连续执行多个指令的时候，你应当怎么做？A. 按顺序逐条完成 B. 跳步操作 C. 只做自己喜欢的,题干配图：接收多个指令的场景选项配图：A. 逐条完成；B. 跳步操作；C. 只做喜欢的,指令响应执行、任务坚持与闭环,中级,1. 达标（2 分）：独立选择正确选项 A2. 需改进（1 分）：经提示...,
9. 【基础】限定活动范围，应当？ A 留在区域内 B 走出范围 C 四处游荡,活动划定了固定区域，正确做法是？A 留在区域内 B 走出范围 C 四处游荡,配图为作业 / 活动分区场地，三张小图分别对应三个选项行为,秩序与边界遵守,低级,"达标（2 分）独立选出 正确选项A，无犹豫
需改进（1 分）选错，简单提示后更正选 A
不达标（0 分）反复选错误选项、乱点",
10. 【岗位关联】货品整理完毕，下一步是？ A 检查确认 B 置之不理 C 随意挪动,把货品全部整理完成后，下一步要做什么？A 检查确认 B 置之不理 C 随意挪动,配图为货架整理场景，三幅行为配图对应选项,岗位规范与流程、任务坚持与闭环,中级,"达标（2 分）独立选择 A
需改进（1 分）提示后改选正确答案
不达标（0 分）持续选错",
11. 【基础】集体排队行进，应当？ A 跟随队伍 B 超前领跑 C 落在最后玩耍,大家排队一起走路，正确行为是？A 跟随队伍 B 超前领跑 C 落在最后玩耍,配图多人排队画面，三个行为示意图,秩序与边界遵守,低级,"达标（2 分）独立选 A
需改进（1 分）经提示纠正
不达标（0 分）乱选、坚持错误选项",
12. 【基础】收到重复任务，应当？ A 认真完成 B 敷衍应付 C 拒不执行,安排重复的简单任务，我们需要？A 认真完成 B 敷衍应付 C 拒不执行,配图人物处理重复工作的三种状态图,指令响应执行、任务坚持与闭环,中级,"达标（2 分）独立选择 A
需改进（1 分）提示后更正
不达标（0 分）持续选择敷衍 / 拒绝",
13.【基础】过马路时看到什么灯可以行走？ A 红灯 B绿灯 C 黄灯,过马路看到哪种信号灯能往前走？A 红灯 B 绿灯 C 黄灯,红 / 绿 / 黄信号灯三张配图,秩序与边界遵守,低级,"达标（2 分）独立选 B
需改进（1 分）简单提醒信号灯规则后选对
不达标（0 分）反复选错",
（三）拖拽题（8 题）,,,,,,
1. 【基础】将 “起床→洗漱→出门”，按生活流程拖拽排序。,请把三张流程卡片，按正常早上顺序排好：起床、洗漱、出门,三张带图拖拽卡片，下方三个排序空位,任务坚持与闭环,低级,"达标（2 分）顺序完全正确，独立完成
需改进（1 分）一处顺序错，提醒后调整正确
不达标（0 分）两处及以上错误、拖拽混乱",
2. 【岗位关联】将 “取货→整理→归位”，按理货基础流程排序。,理货完整步骤，请拖拽卡片按先后排序：取货、整理、归位,理货动作图文卡片，3 个排序位,岗位规范与流程,中级,"达标（2 分）排序完全正确
需改进（1 分）提示后修正顺序
不达标（0 分）流程完全颠倒",
3. 【基础】将 “听指令→动手做→自查”，按任务步骤排序。,完成一件事的正确步骤，拖拽卡片排序：听指令、动手做、自查,三张步骤图文卡片，排序空位,指令响应执行、任务坚持与闭环,中级,"达标（2 分）全部排对
需改进（1 分）一处错误，调整后正确
不达标（0 分）多处混乱",
4. 【基础】将 “等待→轮到自己→行动”，按排队规则排序。,排队做事的正确顺序，请拖拽排序：等待、轮到自己、行动,排队行为卡片三张,秩序与边界遵守,低级,"达标（2 分）顺序无误
需改进（1 分）提示后改对
不达标（0 分）排序混乱",
5. 【岗位关联】将 “检查货品→分类摆放→清理现场” 排序。,整理货架完整流程，拖拽卡片按先后排序,库房理货图文步骤卡,岗位规范与流程、任务坚持与闭环,中级,"达标（2 分）流程全部正确
需改进（1 分）单一步骤错位，修正后达标
不达标（0 分）多处顺序错误",
6. 【基础】将 “拿取物品→使用→放回原处” 排序。,物品使用完整流程，拖拽卡片排顺序,三张物品操作图卡,任务坚持与闭环、岗位规范与流程,低级,"达标（2 分）独立排对全部步骤
需改进（1 分）一处错位，提醒改正
不达标（0 分）顺序完全混乱",
7. 【基础】将 “开始任务→中途坚持→完成结束” 排序。,完成一项任务的全过程，请拖拽排序,任务三阶段图文卡片,任务坚持与闭环,低级,"达标（2 分）排序完全正确
需改进（1 分）轻微错误，调整后正确
不达标（0 分）无法区分先后",
8. 【岗位关联】将 “到岗→开展工作→短暂休息” 排序。,上班日常流程，拖拽卡片按先后排列,到岗、干活、休息场景卡片,岗位规范与流程、秩序与边界遵守,中级,"达标（2 分）全部步骤排序正确
需改进（1 分）单处错误，提示修正
不达标（0 分）流程颠倒混乱",
（四）实物操作题（6 题）,,,,,,
1. 【基础】按照连续 3 步指令，依次完成拿、摆、收动作。,听完整三步指令，依次完成拿物品、摆放整齐、收回原位整套动作,简易仿真小件、平整操作台；测评员口述三步连贯指令,指令响应执行、任务坚持与闭环,中级,"达标（2 分）独立听清三步，按顺序完整完成，无需提醒
需改进（1 分）其中一步记错，口头提示后补全整套流程
不达标（0 分）两步及以上做错、拒绝操作",
2. 【岗位关联】将3种物品摆正，标签往前。（可示范）,把桌上三件货品摆放端正，所有商品标签统一朝向正面,三款仿真盒装货品、模拟货架层板,岗位规范与流程、任务坚持与闭环,低级,"达标（2 分）三件全部摆正，标签统一朝前，独立完成
需改进（1 分）1 件歪斜 / 标签反向，提醒后调整到位
不达标（0 分）两件及以上摆放杂乱、拒不调整",
3. 【基础】在划定区域内，持续完成3分钟简单操作，不走出范围。,在划定方框内持续做整理小件操作，三分钟不走出区域线,地面胶带划定操作区、桌面小件教具、计时器,秩序与边界遵守,中级,"达标（2 分）全程 3 分钟待在区域内，自主持续操作不外出
需改进（1 分）短暂踏出区域，提醒后立刻返回坚持完成
不达标（0 分）频繁走出、中途放弃操作",
4. 【岗位关联】使用工具完成操作后，主动放回指定位置。,使用工具完成操作后，主动收纳到指定工具箱,模拟拆箱工具、仿真纸箱、专用收纳盒,岗位规范与流程、任务坚持与闭环,中级,"达标（2 分）独立规范使用，操作完主动归位，无需提醒
需改进（1 分）用完忘记放，提示后收纳到位
不达标（0 分）随手乱扔工具、拒绝收纳",
5. 【基础】排队跟随老师行进行动作，全程遵守秩序。,跟随老师排队慢速行走，不插队、不超前、不打闹,室内直行通道、带队老师模拟动线,秩序与边界遵守,低级,"达标（2 分）全程跟紧队伍，不超前、不拉扯、不乱跑
需改进（1 分）短暂超前，提醒后回归队伍
不达标（0 分）频繁插队、乱跑、拒绝排队",
6. 【基础】中途收到暂停指令，立刻停止所有动作。,正在操作时听到 “停” 的指令，马上停下手上所有动作,桌面简易整理教具，测评员随机下发停止口令,指令响应执行,低级,"达标（2 分）听到指令瞬间停下，无延迟继续操作
需改进（1 分）多做 1–2 个动作后停下，提醒后立刻停止
不达标（0 分）无视口令、持续操作不肯停下",
四、情绪调节能力（40 题）,,,"1. 环境适应稳绪：应对嘈杂、人流、异响、陌生环境、环境变化的情绪稳定与适应能力
2. 挫折耐受调节：面对失误、难度提升、重复枯燥、心愿落空、分歧冲突的情绪自控与不放弃
3. 变化接纳适配：接纳任务变更、区域调整、工作打断、突发变动、流程改动的心态配合
4. 自我疏导恢复：主动放松、情绪平复、受挫重启、疲惫调节、心态自救与快速复原",,"1.核心关注点：环境耐受、情绪自控、受挫能力、变化适应力。
2.特殊规则：作答 / 实操中出现哭闹、躁动、发脾气、强烈抗拒，本题直接记 0 分。
结果应用： 
1.达标：可进入嘈杂环境、重复工作、临时任务调整等场景训练；
2.需改进：开展情绪疏导、深呼吸放松、环境适应训练；
3.不达标：先做情绪行为干预，在低刺激环境开展适应训练。",
（一）判断题（14 题）,,,,,,
1. 【基础】身处嘈杂环境，保持情绪平稳不躁动。,请观看视频，判断人物面对嘈杂环境的情绪行为是否正确？,正确：嘈杂环境安静操作，无烦躁跺脚、哭闹；错误：噪音下发脾气、摔物品、大声吵闹,环境适应稳绪,低级,达标 (2 分)：独立判断正确；需改进 (1 分)：提示后答对；不达标 (0 分)：判断错误,
2. 【基础】做事反复出错，不哭闹、不发脾气。,请观看视频，判断人物做错事后情绪表现是否正确？,正确：出错平静重试；错误：频繁出错哭闹、摔教具、发脾气,挫折耐受调节,中级,达标 (2 分)：独立判断正确；需改进 (1 分)：提示后答对；不达标 (0 分)：判断错误,
3. 【岗位关联】临时调整作业区域，愿意配合接受。,请观看视频，判断更换工作区域时情绪表现是否正确？,正确：平和收拾物品转移；错误：抗拒、耍赖不愿移动,变化接纳适配,中级,达标 (2 分)：独立判断正确；需改进 (1 分)：提示后答对；不达标 (0 分)：判断错误,
4. 【基础】被他人提醒指正，不赌气、不抵触。,请观看视频，判断被提醒后的情绪行为是否正确？,正确：虚心听取并调整；错误：扭头赌气、拒不改正,挫折耐受调节,低级,达标 (2 分)：独立判断正确；需改进 (1 分)：提示后答对；不达标 (0 分)：判断错误,
5. 【基础】等待时间较长，保持安静不吵闹。,请观看视频，判断长时间等待时情绪行为是否正确？,正确：静坐安静等候；错误：跺脚、大喊、来回躁动,挫折耐受调节,低级,达标 (2 分)：独立判断正确；需改进 (1 分)：提示后答对；不达标 (0 分)：判断错误,
6. 【岗位关联】长时间重复整理货品，情绪保持稳定。,请观看视频，判断长期重复工作的情绪状态是否正确？,正确：平稳持续操作；错误：烦躁扔货、叹气抗拒工作,挫折耐受调,中级,达标 (2 分)：独立判断正确；需改进 (1 分)：提示后答对；不达标 (0 分)：判断错误,
7. 【基础】突然出现较大声响，不惊慌乱跑。,请观看视频，判断听到巨响后的情绪反应是否正确？,正确：原地镇定不慌乱；错误：尖叫、哭泣、四处逃窜,环境适应稳绪,低级,达标 (2 分)：独立判断正确；需改进 (1 分)：提示后答对；不达标 (0 分)：判断错误,
8. 【基础】心愿未达成，能够自我平复情绪。,请观看视频，想要的东西没得到，判断情绪表现是否正确？,正确：安静接受不哭闹；错误：撒泼哭闹、纠缠不休,自我疏导恢复,中级,达标 (2 分)：独立判断正确；需改进 (1 分)：提示后答对；不达标 (0 分)：判断错误,
9. 【岗位关联】工作被临时打断，平复后继续完成任务。,请观看视频，工作中途被打断，判断情绪行为是否正确？,正确：短暂调整后继续干活；错误：生气直接放弃任务,变化接纳适配、自我疏导恢复,中级,达标 (2 分)：独立判断正确；需改进 (1 分)：提示后答对；不达标 (0 分)：判断错误,
10. 【基础】进入陌生环境，逐步适应，不恐惧哭闹。,请观看视频，来到新环境，判断情绪表现是否正确？,正确：缓慢适应、主动操作；错误：害怕躲藏、持续哭泣,环境适应稳绪,低级,达标 (2 分)：独立判断正确；需改进 (1 分)：提示后答对；不达标 (0 分)：判断错误,
11. 【基础】和他人产生小分歧，保持平和心态。,请观看视频，与人发生小矛盾，判断情绪表现是否正确？,正确：平和沟通；错误：争吵、赌气不理人,挫折耐受调节,中级,达标 (2 分)：独立判断正确；需改进 (1 分)：提示后答对；不达标 (0 分)：判断错误,
12. 【岗位关联】感到身体疲惫，主动申请短暂休息。,请观看视频，工作劳累时判断情绪处理是否正确？,正确：主动礼貌申请休息；错误：烦躁发脾气硬扛,自我疏导恢复,低级,达标 (2 分)：独立判断正确；需改进 (1 分)：提示后答对；不达标 (0 分)：判断错误,
13. 【基础】任务难度提升，不急躁、不放弃。,请观看视频，遇到难做的任务，判断情绪表现是否正确？,正确：耐心反复尝试；错误：急躁摔东西、直接放弃,挫折耐受调节,中级,达标 (2 分)：独立判断正确；需改进 (1 分)：提示后答对；不达标 (0 分)：判断错误,
14. 【基础】周围人员增多，心态放松不紧张。,请观看视频，多人在场操作，判断情绪状态是否正确？,正确：从容平稳操作；错误：紧张拘谨不敢动手,环境适应稳绪,低级,达标 (2 分)：独立判断正确；需改进 (1 分)：提示后答对；不达标 (0 分)：判断错误,
（二）单项选择题（12 题）,,,,,,
1. 【基础】内心感到烦躁，首选做法是？ A 深呼吸放松 B 大喊大叫 C 四处乱跑,心里烦躁时，正确处理方式是？A 深呼吸放松 B 大喊大叫 C 四处游荡,题干配图烦躁人物，三幅对应行为小图,自我疏导恢复,低级,达标 (2 分)：独立选 A；需改进 (1 分)：提示更正；不达标 (0 分)：持续选错,
2. 【岗位关联】反复做同一类工作感到乏味，应当？ A 坚持完成 B 故意捣乱 C 直接停下,长期重复理货觉得无聊，正确做法？A 坚持完成 B 故意捣乱 C 直接停下,配图库房重复整理场景,挫折耐受调节,中级,达标 (2 分)：独立选 A；需改进 (1 分)：提示更正；不达标 (0 分)：持续选错,
3. 【基础】突然听到巨响，正确反应是？ A 原地安静 B 惊慌逃离 C 哭闹不止,突然听见很大响声，正确反应？A 原地安静 B 惊慌逃离 C 哭闹,配图突发声响画面,环境适应稳绪,低级,达标 (2 分)：独立选 A；需改进 (1 分)：提示更正；不达标 (0 分)：持续选错,
4. 【岗位关联】安排新的工作内容，心态应当？ A 积极配合 B 抗拒抵触 C 消极发呆,分配新理货任务，正确心态？A 积极配合 B 抗拒抵触 C 消极发呆,工作人员分配任务配图,变化接纳适配,中级,达标 (2 分)：独立选 A；需改进 (1 分)：提示更正；不达标 (0 分)：持续选错,
5. 【基础】努力做事却没做好，应当？ A 休息后再尝试 B 发脾气 C 彻底放弃,事情做失败，正确处理？A 休息后再尝试 B 发脾气 C 彻底放弃,操作失败示意图,挫折耐受调节、自我疏导恢复,中级,达标 (2 分)：独立选 A；需改进 (1 分)：提示更正；不达标 (0 分)：持续选错,
6. 【基础】需要长时间等待，应当？ A 安静等候 B 跺脚吵闹 C 来回走动,需要长时间等待，正确行为？A 安静等候 B 跺脚吵闹 C 来回走动,排队等候配图,挫折耐受调节,低级,达标 (2 分)：独立选 A；需改进 (1 分)：提示更正；不达标 (0 分)：持续选错,
7. 【岗位关联】作业环境人流变多，应当？ A 正常工作 B 慌乱不安 C 拒绝继续,卖场人变多，正确心态？A 正常工作 B 慌乱不安 C 拒绝继续,多人卖场场景,环境适应稳绪,中级,达标 (2 分)：独立选 A；需改进 (1 分)：提示更正；不达标 (0 分)：持续选错,
8. 【基础】被同伴无意打扰，应当？ A 平和沟通 B 争吵打闹 C 独自生气,同学不小心打扰你，正确做法？A 平和沟通 B 争吵打闹 C 独自生气,同伴互动图,挫折耐受调节,低级,达标 (2 分)：独立选 A；需改进 (1 分)：提示更正；不达标 (0 分)：持续选错,
9. 【基础】环境光线变化，应当？ A 正常适应 B 捂眼抗拒 C 情绪低落,室内明暗变化，正确心态？A 正常适应 B 捂眼抗拒 C 情绪低落,光线切换配图,环境适应稳绪,低级,达标 (2 分)：独立选 A；需改进 (1 分)：提示更正；不达标 (0 分)：持续选错,
10. 【岗位关联】发现货品整理出错，应当？ A 冷静修正 B 焦虑慌乱 C 置之不理,理货发现摆放错误，正确做法？A 冷静修正 B 焦虑慌乱 C 置之不理,破损错放货品图,挫折耐受调节、自我疏导恢复,中级,达标 (2 分)：独立选 A；需改进 (1 分)：提示更正；不达标 (0 分)：持续选错,
11. 【基础】独处做事，心态保持？ A 平静专注 B 无聊躁动 C 害怕不安,一个人单独干活，应当保持？A 平静专注 B 无聊躁动 C 害怕不安,单人操作配图,自我疏导恢复,低级,达标 (2 分)：独立选 A；需改进 (1 分)：提示更正；不达标 (0 分)：持续选错,
12. 【基础】活动提前结束，应当？ A 坦然接受 B 哭闹不满 C 故意拖延,活动提前结束，正确心态？A 坦然接受 B 哭闹不满 C 故意拖延,活动结束场景,变化接纳适配,中级,达标 (2 分)：独立选 A；需改进 (1 分)：提示更正；不达标 (0 分)：持续选错,
（三）拖拽题（8 题）,,,,,,
1. 【基础】按 “开心→平静→低落”，拖拽情绪卡片排序。,请将情绪卡片按开心→平静→低落顺序拖拽排列,可拖拽：开心、平静、低落图文卡片，3 个排序空位,自我疏导恢复,低级,达标 (2 分)：顺序全对；需改进 (1 分)：1 处错提示修正；不达标 (0 分)：多处混乱,
2. 【岗位关联】遇到工作小问题：停下→调整→继续，拖拽步骤排序。,工作出错处理流程，请拖拽卡片排顺序,步骤图文卡：停下、调整、继续，3 个排序位,自我疏导恢复、挫折耐受调节,中级,达标 (2 分)：顺序全对；需改进 (1 分)：1 处错提示修正；不达标 (0 分)：多处混乱,
3. 【基础】情绪疏导流程：吸气→屏息→呼气，拖拽排序。,情绪放松三步，请拖拽卡片排序,呼吸动作图文卡片 3 张，排序空位,自我疏导恢复,低级,达标 (2 分)：顺序全对；需改进 (1 分)：1 处错提示修正；不达标 (0 分)：多处混乱,
4. 【基础】应对突发声响：镇定→观察→继续做事，排序。,听到巨响后的正确流程，拖拽排序,镇定、观察、操作图文卡,环境适应稳绪、自我疏导恢复,低级,达标 (2 分)：顺序全对；需改进 (1 分)：1 处错提示修正；不达标 (0 分)：多处混乱,
5. 【岗位关联】感到疲惫：示意休息→短暂放松→回归岗位，排序。,工作累了处理流程拖拽排序,请示休息、放松、返工卡片,自我疏导恢复、变化接纳适配,中级,达标 (2 分)：顺序全对；需改进 (1 分)：1 处错提示修正；不达标 (0 分)：多处混乱,
6. 【基础】受挫后心态：冷静→思考→再次尝试，排序。,任务失败后正确步骤拖拽排序,冷静、思考、重试图文卡,挫折耐受调节、自我疏导恢复,中级,达标 (2 分)：顺序全对；需改进 (1 分)：1 处错提示修正；不达标 (0 分)：多处混乱,
7. 【基础】进入新环境：观察→适应→投入活动，排序。,陌生环境适应流程拖拽排序,观察、适应、操作卡片,环境适应稳绪、变化接纳适配,低级,达标 (2 分)：顺序全对；需改进 (1 分)：1 处错提示修正；不达标 (0 分)：多处混乱,
8. 【岗位关联】任务变更：接受变化→调整动作→正常作业，排序。,临时换工作流程拖拽排序,接纳、调整、理货卡片,变化接纳适配、自我疏导恢复,中级,达标 (2 分)：顺序全对；需改进 (1 分)：1 处错提示修正；不达标 (0 分)：多处混乱,
（四）实物操作题（6 题）,,,,,,
1. 【基础】播放模拟嘈杂音效，保持肢体、情绪稳定。,播放嘈杂背景音，全程平稳操作不烦躁,教具：音响、简易整理小件，独立操作台,环境适应稳绪,低级,达标 (2 分)：全程平静无躁动；需改进 (1 分)：轻微烦躁提醒平复；不达标 (0 分)：哭闹抗拒,
2. 【岗位关联】临时更换模拟作业区域，平稳切换并继续操作。,临时更换摆放区域，平静转移物品继续理货,多组仿真货品、两块操作区,变化接纳适配,中级,达标 (2 分)：主动平稳转移；需改进 (1 分)：轻微抵触劝说配合；不达标 (0 分)：拒绝更换,
3. 【基础】跟随引导卡，完成 3 组标准深呼吸放松动作。,参照图示，独立完成三组深呼吸放松,深呼吸步骤图卡、平整桌面,自我疏导恢复,低级,达标 (2 分)：动作标准完整；需改进 (1 分)：提示完成；不达标 (0 分)：不愿做,
4. 【岗位关联】摆一个较难的积木叠高，全程情绪稳定。,堆叠高积木，失败不发脾气,多块实木积木,挫折耐受调节,中级,达标 (2 分)：倒塌平静重试；需改进 (1 分)：烦躁片刻平复；不达标 (0 分)：摔积木哭闹,
5. 【基础】模拟等待场景，静坐 5 分钟不躁动。,静坐等候 5 分钟，不吵闹走动,计时工具、安静座位,挫折耐受调节,低级,达标 (2 分)：全程安静；需改进 (1 分)：轻微动提醒安静；不达标 (0 分)：频繁躁动,
6. 【基础】操作失误后，自主调整状态重新尝试。,操作做错后，自行平复重新操作,磁性切切乐、卡纸等简易教具,挫折耐受调节、自我疏导恢复,中级,达标 (2 分)：自主调整重试；需改进 (1 分)：劝导后再试；不达标 (0 分)：直接放弃,
7.【基础】不小心被碰掉手上物品，不哭闹，情绪稳定。,他人无意碰落手中物品，保持平稳不哭闹,教具：小件仿真物品、平整操作台，安排测试过程中不小心碰掉物品,挫折耐受调节、自我疏导恢复,低级,"达标（2 分）：物品掉落无烦躁哭闹，自主捡起平复；
需改进（1 分）短暂低落，提醒后平复；
不达标（0 分）立刻哭闹、发脾气摔东西",
五、基础社交能力（40 题）,,,"1. 礼貌用语应答：问好、道谢、致歉、道别、日常礼貌话术、他人呼唤应答、问询回应
2. 主动沟通求助：主动表达需求、遇困求助、工作汇报、场景化主动社交表达
3. 合作共处礼仪：同伴协作、集体相处、不争抢、不攻击、友好配合、分享包容
4. 社交规则秩序：耐心倾听、轮流交流、不打断、离岗告知、社交流程遵守",,"1.核心关注点：礼貌用语、主动求助、简单应答、基础互动礼仪。
2.特殊规则：全程沉默不语、肢体抵触、拒绝沟通，本题记 0 分。
结果应用： 
1.达标：学习岗位固定求助话术、简易问询应答礼仪；
2.需改进：强化情景模拟、礼貌用语、主动求助训练；
3.不达标：从基础问好、简单应答等入门内容开始训练。",
（一）判断题（14 题）,,,,,,
1. 【基础】他人主动问好，礼貌做出回应。,观看视频，别人和你问好，判断行为是否正确？,正确：主动回你好；错误：扭头不理睬,礼貌用语应答,低级,达标 (2 分)：独立判断正确；需改进 (1 分)：提示答对；不达标 (0 分)：判断错误,
2. 【基础】需要帮助时，主动开口表达需求。,观看视频，遇到困难主动求助，判断是否正确？,正确：主动说话求助；错误：沉默等待不表达,主动沟通求助,低级,达标 (2 分)：独立判断正确；需改进 (1 分)：提示答对；不达标 (0 分)：判断错误,
3. 【岗位关联】遇到不懂的作业问题，主动询问工作人员。,理货有不会的地方主动问老师，判断对错？,正确：礼貌询问；错误：自己乱做不问,主动沟通求助,中级,达标 (2 分)：独立判断正确；需改进 (1 分)：提示答对；不达标 (0 分)：判断错误,
4. 【基础】接过他人递送的物品，主动说谢谢。,别人递东西，主动道谢，判断行为正确？,正确：接过说谢谢；错误：拿完沉默,礼貌用语应答,低级,达标 (2 分)：独立判断正确；需改进 (1 分)：提示答对；不达标 (0 分)：判断错误,
5. 【基础】不小心碰到他人，主动致歉。,撞到同学主动说对不起，判断对错？,正确：主动道歉；错误：视而不见,礼貌用语应答,低级,达标 (2 分)：独立判断正确；需改进 (1 分)：提示答对；不达标 (0 分)：判断错误,
6. 【岗位关联】临时离开岗位，简单告知身边同伴。,要休息主动告知同事，判断行为正确？,正确：开口告知；错误：直接走不说话,社交规则秩序,中级,达标 (2 分)：独立判断正确；需改进 (1 分)：提示答对；不达标 (0 分)：判断错误,
7. 【基础】与人对视交流，态度大方不躲闪。,对话时大方对视，不躲闪，判断对错？,正确：正视对方交流；错误：低头躲闪,合作共处礼仪,低级,达标 (2 分)：独立判断正确；需改进 (1 分)：提示答对；不达标 (0 分)：判断错误,
8. 【基础】集体相处时，不抢夺物品、不攻击他人。,集体活动不争抢打闹，判断行为正确？,正确：友好共处；错误：抢东西推人,合作共处礼仪,低级,达标 (2 分)：独立判断正确；需改进 (1 分)：提示答对；不达标 (0 分)：判断错误,
9. 【岗位关联】面对他人简单问询，使用固定礼貌话术回应。,顾客提问礼貌回应，判断对错？,正确：礼貌回答；错误：不理睬,礼貌用语应答,中级,达标 (2 分)：独立判断正确；需改进 (1 分)：提示答对；不达标 (0 分)：判断错误,
10. 【基础】和同伴一起合作，友好配合不排斥。,和同学分工配合做事，判断对错？,正确：配合协作；错误：拒绝一起做,合作共处礼仪,低级,达标 (2 分)：独立判断正确；需改进 (1 分)：提示答对；不达标 (0 分)：判断错误,
11. 【基础】听到他人呼唤，及时做出回应。,有人喊名字立刻答应，判断对错？,正确：马上应答；错误：假装没听见,礼貌用语应答,低级,达标 (2 分)：独立判断正确；需改进 (1 分)：提示答对；不达标 (0 分)：判断错误,
12. 【岗位关联】完成工作后，主动向负责人简单汇报。,做完活主动告诉主管，判断对错？,正确：主动汇报；错误：做完直接走,主动沟通求助,中级,达标 (2 分)：独立判断正确；需改进 (1 分)：提示答对；不达标 (0 分)：判断错误,
13. 【基础】与人道别时，使用礼貌用语。,分开主动说再见，判断行为正确？,正确：道别用语；错误：直接离开,礼貌用语应答,低级,达标 (2 分)：独立判断正确；需改进 (1 分)：提示答对；不达标 (0 分)：判断错误,
14. 【基础】他人正在说话，耐心倾听不打断。,别人说话安静等说完，判断对错？,正确：耐心倾听；错误：中途插话打断,社交规则秩序,低级,达标 (2 分)：独立判断正确；需改进 (1 分)：提示答对；不达标 (0 分)：判断错误,
（二）单项选择题（12 题）,,,,,,
1. 【基础】见面时对方说 “你好”，你应当回答？ A 你好 B 不理睬 C 走开,别人和你问好，你要怎么回应？A 你好 B 不理睬 C 走开,三人互动配图,礼貌用语应答,低级,达标 (2 分)：独立选 A；需改进 (1 分)：提示更正；不达标 (0 分)：乱选,
2. 【岗位关联】不会操作当前工作，应当？ A 找人求助 B 乱做一通 C 原地发呆,理货不会做，正确做法？A 找人求助 B 乱做 C 发呆,工作人员指导配图,主动沟通求助,中级,达标 (2 分)：独立选 A；需改进 (1 分)：提示更正；不达标 (0 分)：乱选,
3. 【基础】收到别人的帮助，应当说？ A 谢谢 B 不用 C 沉默,别人帮你后要说？A 谢谢 B 不用 C 沉默,递物道谢图,礼貌用语应答,低级,达标 (2 分)：独立选 A；需改进 (1 分)：提示更正；不达标 (0 分)：乱选,
4. 【基础】撞到他人，应当说？ A 对不起 B 不关我事 C 跑开,不小心撞到人要说？A 对不起 B 不关我事 C 跑开,碰撞致歉图,社交规则秩序,低级,达标 (2 分)：独立选 A；需改进 (1 分)：提示更正；不达标 (0 分)：乱选,
5. 【岗位关联】想要短暂休息，应当？ A 礼貌说明 B 直接离开 C 大声喊叫,想休息怎么做？A 礼貌告知 B 直接走 C 大喊,离岗告知场景,社交规则秩序,中级,达标 (2 分)：独立选 A；需改进 (1 分)：提示更正；不达标 (0 分)：乱选,
6. 【基础】同伴邀请一起做事，应当？ A 友好配合 B 拒绝排斥 C 视而不见,同学邀你合作，正确做法？A 配合 B 拒绝 C 不理,双人协作图,合作共处礼仪,低级,达标 (2 分)：独立选 A；需改进 (1 分)：提示更正；不达标 (0 分)：乱选,
7. 【岗位关联】顾客简单询问货品位置，应当？ A 引导求助工作人员 B 随意指点 C 不予理睬,顾客问货怎么处理？A 引导找老师 B 乱指 C 不理,卖场场景,主动沟通求助,中级,达标 (2 分)：独立选 A；需改进 (1 分)：提示更正；不达标 (0 分)：乱选,
8. 【基础】听到有人喊自己名字，应当？ A 及时应答 B 假装没听见 C 故意躲开,有人喊你要？A 应答 B 假装没听见 C 躲开,呼唤应答图,礼貌用语应答,低级,达标 (2 分)：独立选 A；需改进 (1 分)：提示更正；不达标 (0 分)：乱选,
9. 【基础】分享物品给他人，态度应当？ A 大方友好 B 小气争抢 C 拒绝分享,分给别人东西态度？A 大方 B 争抢 C 拒绝,分享配图,合作共处礼仪,低级,达标 (2 分)：独立选 A；需改进 (1 分)：提示更正；不达标 (0 分)：乱选,
10. 【岗位关联】交接简单工作，应当？ A 清晰表达 B 含糊不语 C 拒绝交接,换班交接怎么做？A 清晰说明 B 不说 C 拒绝,岗位交接图,主动沟通求助,中级,达标 (2 分)：独立选 A；需改进 (1 分)：提示更正；不达标 (0 分)：乱选,
11. 【基础】别人结束对话，应当？ A 礼貌道别 B 转身就走 C 继续纠缠,聊天结束要？A 说再见 B 直接走 C 纠缠,道别配图,礼貌用语应答,低级,达标 (2 分)：独立选 A；需改进 (1 分)：提示更正；不达标 (0 分)：乱选,
12. 【基础】多人交流时，应当？ A 轮流说话 B 抢话插话 C 沉默不语,多人聊天怎么做？A 轮流说 B 抢话 C 不说话,集体对话图,社交规则秩序,低级,达标 (2 分)：独立选 A；需改进 (1 分)：提示更正；不达标 (0 分)：乱选,
（三）拖拽题（8 题）,,,,,,
1. 【基础】日常社交流程：见面问好→交流→道别，拖拽排序。,社交完整三步，拖拽卡片排顺序,问好、交谈、道别图文卡,礼貌用语应答、社交规则秩序,低级,达标 (2 分)：顺序全对；需改进 (1 分)：1 处错提示修正；不达标 (0 分)：多处混乱,
2. 【岗位关联】求助流程：发现问题→开口询问→听取解答，排序。,工作求助步骤拖拽排序,遇难题、询问、听讲卡片,主动沟通求助,中级,达标 (2 分)：顺序全对；需改进 (1 分)：1 处错提示修正；不达标 (0 分)：多处混乱,
3. 【基础】接受帮助流程：他人帮忙→表示感谢，排序。,别人帮你后的步骤拖拽,帮忙、道谢卡片,礼貌用语应答,低级,达标 (2 分)：顺序全对；需改进 (1 分)：1 处错提示修正；不达标 (0 分)：多处混乱,
4. 【基础】集体互动：等待轮次→参与活动→有序退出，排序。,集体活动排队流程拖拽,等候、轮到、操作卡片,合作共处礼仪、社交规则秩序,低级,达标 (2 分)：顺序全对；需改进 (1 分)：1 处错提示修正；不达标 (0 分)：多处混乱,
5. 【岗位关联】离岗流程：告知同伴→短暂休息→返回岗位，排序。,离岗告知三步拖拽,告知、休息、返工卡片,社交规则秩序,中级,达标 (2 分)：顺序全对；需改进 (1 分)：1 处错提示修正；不达标 (0 分)：多处混乱,
6. 【基础】致歉流程：发生碰撞→主动道歉→相互谅解，排序。,撞到人处理流程拖拽,碰撞、道歉、和好卡片,礼貌用语应答,低级,达标 (2 分)：顺序全对；需改进 (1 分)：1 处错提示修正；不达标 (0 分)：多处混乱,
7. 【基础】倾听流程：对方说话→认真聆听→再发言，排序。,与人交谈倾听步骤拖拽,聆听、等待发言卡片,社交规则秩序,低级,达标 (2 分)：顺序全对；需改进 (1 分)：1 处错提示修正；不达标 (0 分)：多处混乱,
8. 【岗位关联】工作汇报：完成任务→找到负责人→简单说明，排序。,完工汇报流程拖拽,完工、找主管、汇报卡片,主动沟通求助,中级,达标 (2 分)：顺序全对；需改进 (1 分)：1 处错提示修正；不达标 (0 分)：多处混乱,
（四）实物操作题（6 题）,,,,,,
1. 【基础】模拟面对面场景，完成 “问好 + 道别” 礼貌用语表达。,面对面和测评者完整说出你好、再见,双人模拟站位，无道具,礼貌用语应答,低级,达标 (2 分)：自主完整说出；需改进 (1 分)：提示开口；不达标 (0 分)：全程沉默,
2. 【岗位关联】模拟向工作人员，说出标准求助话术。,遇到不会整理货品，礼貌向老师求助,仿真货架货品,主动沟通求助,中级,达标 (2 分)：自主礼貌提问；需改进 (1 分)：提示表达；不达标 (0 分)：不肯说话,
3. 【基础】接受他人递物，配合动作并说出 “谢谢”。,别人递物品给你，双手接过并道谢,小件仿真物品,礼貌用语应答,低级,达标 (2 分)：动作 + 用语完整；需改进 (1 分)：提醒道谢；不达标 (0 分)：沉默无表达,
4. 【岗位关联】模拟临时离岗，向同伴做出简单告知。,想要休息，主动和身边同伴说明,模拟岗位操作台,社交规则秩序,中级,达标 (2 分)：主动清晰说明；需改进 (1 分)：提醒告知；不达标 (0 分)：直接走开不说,
5. 【基础】模拟无意碰撞，完成致歉动作与用语。,不小心碰到对方，主动道歉、做出礼让动作,双人模拟场景,礼貌用语应答,低级,达标 (2 分)：自主道歉；需改进 (1 分)：提示致歉；不达标 (0 分)：无视对方,
6. 【基础】和同伴配合，共同完成一件简单协作任务。,两人分工一起摆放仿真货品,多件盒装仿真商品,合作共处礼仪,低级,达标 (2 分)：友好分工配合；需改进 (1 分)：劝说后配合；不达标 (0 分)：争抢拒绝合作,
六、安全操作能力（40 题）,,,"1. 基础环境安全：防触电、防滑倒、防高处坠落、防磕碰、通道通行、危险品规避、日常环境危险辨识
2. 工具器械安全：剪刀、刀具、尖锐工具的规范握持、使用禁忌、使用后收纳、器械操作规范
3. 货品作业安全：货品堆叠原则、重轻摆放、破损货品处理、货品搬运方式、防倾倒、防漏液污染
4. 行为规则安全：禁止追逐奔跑、禁止危险打闹、遵守警示标识、求助避险、规范行进秩序",,"1.核心关注点：危险识别、工具规范使用、场地通行安全、货品搬运安全。
2.硬性红线（全题型通用，出现以下行为本题直接记 0 分） 
3.选择 / 做出触碰电源、挥舞尖锐工具、攀爬高处、抛扔货品等危险行为；
4.使用工具时，刃口对准自己或他人；
5.无视安全警示标识。
结果应用： 
1.达标：正常学习理货工具、卖场 / 库房场地安全规范；
2.需改进：反复强化危险识别、工具安全使用、场地规则训练；
3.不达标：严禁接触实操工具，优先开展通用安全常识启蒙。",
（一）判断题（14 题）,,,,,,
1. 【基础】不伸手触碰电源插孔、电线。,请观看视频，判断视频中人物的行为是否正确？,"正确版：人物看到电源插孔 / 裸露电线，主动远离，无伸手触碰动作

错误版：人物伸手触碰电源插孔 / 裸露电线，有抠、摸等危险动作",基础环境安全,低级,,
2. 【基础】地面湿滑时，放慢脚步小心行走。,请观看视频，判断视频中人物的行为是否正确？,"正确版：地面有水渍，人物放慢脚步、小心绕行，无奔跑、跳跃动作

错误版：地面有水渍，人物快速奔跑、跳跃通过，有滑倒风险动作",基础环境安全、行为规则安全,低级,,
3. 【岗位关联】使用裁剪工具，刃口不对准自己和他人。,请观看视频，判断视频中人物的行为是否正确？,"正确版：人物使用安全剪刀 / 裁剪工具，刃口全程朝向自己，无对准他人、挥舞动作

错误版：人物使用裁剪工具时，刃口对准他人 / 自己，有挥舞、打闹动作",工具器械安全,中级,,
4. 【基础】不攀爬货架、柜子、高台等高处设施。,请观看视频，判断视频中人物的行为是否正确？,"正确版：人物面对货架 / 高台，无攀爬、登高动作，需要时主动求助

错误版：人物攀爬货架 / 柜子 / 高台，有登高、翻越等危险动作",基础环境安全、行为规则安全,低级,,
5. 【基础】尖锐物品轻拿轻放，不挥舞打闹。,请观看视频，判断视频中人物的行为是否正确？,"正确版：人物轻拿轻放尖锐物品，全程无挥舞、打闹、抛扔动作

错误版：人物手持尖锐物品挥舞、打闹、抛扔，有伤人风险动作",工具器械安全、行为规则安全,中级,,
6. 【岗位关联】堆叠货品，高度适中，不超高倾倒。,请观看视频，判断视频中人物的行为是否正确？,"正确版：人物堆叠货品，高度适中、摆放平稳，无超高、倾斜堆叠动作

错误版：人物堆叠货品超高、倾斜，有明显倾倒风险",货品作业安全,中级,,
7. 【基础】陌生不明物品，不随意触碰、把玩。,请观看视频，判断视频中人物的行为是否正确？,"正确版：人物面对陌生不明物品，不触碰、不把玩，主动远离

错误版：人物随意触碰、把玩陌生不明物品，有抠、拆等动作",基础环境安全,低级,,
8. 【基础】上下台阶，稳步慢行不蹦跳。,请观看视频，判断视频中人物的行为是否正确？,"正确版：人物上下台阶时，稳步慢行、手扶扶手，无蹦跳、奔跑动作
错误版：人物上下台阶时蹦跳、奔跑、推挤他人，有摔倒风险",基础环境安全、行为规则安全,低级,,
9. 【岗位关联】卖场 / 库房内，不追逐、不奔跑。,请观看视频，判断视频中人物的行为是否正确？,"正确版：人物在卖场 / 库房内正常行走，无追逐、奔跑、打闹动作
错误版：人物在卖场 / 库房内追逐、奔跑、大声打闹，有碰撞风险",行为规则安全,低级,,
10. 【基础】异物进入视线，不随意用手揉搓眼睛。,请观看视频，判断视频中人物的行为是否正确？,"正确版：人物眼睛进入异物，不揉搓，主动闭眼、求助他人
错误版：人物用手大力揉搓进入异物的眼睛，有伤害风险动作",基础环境安全,低级,,
11. 【岗位关联】搬运货品，平稳移动，不抛扔、不拖拉。,请观看视频，判断视频中人物的行为是否正确？,"正确版：人物搬运货品时，双手平稳托住、缓慢移动，无抛扔、拖拉动作
错误版：人物搬运货品时，单手拖拉、用力抛扔，有货品破损、砸伤风险",货品作业安全,中级,,
12. 【基础】化学品、清洁用品，单独存放不触碰。,请观看视频，判断视频中人物的行为是否正确？,"正确版：人物将化学品 / 清洁用品单独存放，不触碰、不把玩
错误版：人物随意触碰、把玩化学品 / 清洁用品，有开盖、倾倒动作",基础环境安全,低级,,
13. 【基础】通道内不堆放杂物，保持通行顺畅。,请观看视频，判断视频中人物的行为是否正确？,"正确版：人物不在通道内堆放杂物，保持通道通行顺畅
错误版：人物在通道内随意堆放纸箱、杂物，阻挡通行",基础环境安全、行为规则安全,中级,,
14. 【岗位关联】工具使用完毕，收纳至专用工具箱。,请观看视频，判断视频中人物的行为是否正确？,"正确版：人物使用完工具后，将工具收纳至专用工具箱，摆放整齐
错误版：人物使用完工具后，随手丢弃、随意摆放，不归位收纳",工具器械安全,中级,,
（二）单项选择题（12 题）,,,,,,
1. 【基础】地面有水渍，行走方式选择？ A 慢行避让 B 快速奔跑 C 跳跃通过,"地面有水渍，以下哪种行走方式是正确的？
A. 慢行避让 B. 快速奔跑 C. 跳跃通过","题干配图：地面有水渍的卖场通道场景
选项配图：A. 人物放慢脚步绕行；B. 人物奔跑；C. 人物跳跃",基础环境安全、行为规则安全,低级,,
2. 【岗位关联】使用安全刀具拆箱，握法是？ A 正向握持 B 刀刃对人 C 随手挥舞,"使用安全刀具拆箱，以下哪种握法是正确的？
A. 正向握持，刃口朝内 B. 刀刃对准他人 C. 随手挥舞","题干配图：安全刀具拆箱场景
选项配图：A. 正确握法；B. 刀刃对人；C. 挥舞刀具",工具器械安全,中级,,
3. 【基础】看到裸露电线，应当？ A 远离不触碰 B 上前查看 C 伸手触摸,"看到裸露的电线，以下哪种做法是正确的？
A. 远离不触碰 B. 上前查看 C. 伸手触摸","题干配图：地面裸露电线场景
选项配图：A. 人物远离；B. 人物上前查看；C. 人物伸手触摸",基础环境安全,低级,,
4. 【岗位关联】堆叠多箱货品，摆放原则是？ A 重下轻上 B 重上轻下 C 倾斜堆放,"堆叠多箱货品，以下哪种摆放原则是正确的？
A. 重下轻上 B. 重上轻下 C. 倾斜堆放","题干配图：货品堆叠场景
选项配图：A. 重物在下轻物在上；B. 重物在上；C. 倾斜堆放",货品作业安全,中级,,
5. 【基础】需要拿取高处物品，应当？ A 请人协助 B 攀爬登高 C 跳跃抓取,"需要拿取高处的物品，以下哪种做法是正确的？
A. 请人协助 B. 攀爬登高 C. 跳跃抓取","题干配图：高处货架物品场景
选项配图：A. 人物求助他人；B. 人物攀爬货架；C. 人物跳跃抓取",基础环境安全、行为规则安全,低级,,
6. 【基础】手持尖锐工具，行进时应当？ A 尖端朝内 B 尖端朝外 C 随意摆动,"手持尖锐工具行进时，以下哪种做法是正确的？
A. 尖端朝内 B. 尖端朝外 C. 随意摆动","题干配图：手持尖锐工具行进场景
选项配图：A. 尖端朝内；B. 尖端朝外；C. 随意摆动",工具器械安全,中级,,
7. 【岗位关联】搬运较重货品，正确做法是？ A 弯腰稳拿 B 猛力提拉 C 单手拖拽,"搬运较重的货品，以下哪种做法是正确的？
A. 弯腰稳拿，双手托住 B. 猛力提拉 C. 单手拖拽","题干配图：搬运重货场景
选项配图：A. 正确搬运姿势；B. 猛力提拉；C. 单手拖拽",货品作业安全,中级,,
8. 【基础】遇到消防警示标识，应当？ A 遵守警示 B 无视标识 C 故意靠近,"遇到消防警示标识，以下哪种做法是正确的？
A. 遵守警示要求 B. 无视标识 C. 故意靠近","题干配图：消防警示标识场景
选项配图：A. 人物遵守警示；B. 人物无视；C. 人物故意靠近",行为规则安全,低级,,
9. 【基础】多人同走一条通道，应当？ A 依次通行 B 拥挤抢行 C 并排阻挡,"多人同走一条通道，以下哪种做法是正确的？
A. 依次通行 B. 拥挤抢行 C. 并排阻挡","题干配图：多人通行通道场景
选项配图：A. 依次通行；B. 拥挤抢行；C. 并排阻挡",行为规则安全,低级,,
10. 【岗位关联】破损漏液商品，处理方式是？ A 单独隔离 B 继续摆放 C 随手丢弃,"发现破损漏液的商品，以下哪种处理方式是正确的？
A. 单独隔离存放 B. 继续摆放 C. 随手丢弃","题干配图：破损漏液商品场景
选项配图：A. 单独隔离；B. 继续摆放；C. 随手丢弃",货品作业安全,高级,,
11. 【基础】清洁用品，应当放置在？ A 专用区域 B 零食旁 C 玩具区,"清洁用品应当放置在以下哪个区域？
A. 专用存放区域 B. 零食货架旁 C. 玩具区","题干配图：清洁用品场景
选项配图：A. 专用区域；B. 零食旁；C. 玩具区",基础环境安全,低级,,
12. 【基础】工具暂时不用，应当？ A 妥善收纳 B 随手摆放 C 丢在地面,"工具暂时不用时，以下哪种做法是正确的？
A. 妥善收纳摆放 B. 随手放在台面 C. 丢在地面","题干配图：工具使用场景
选项配图：A. 妥善收纳；B. 随手放台面；C. 丢地面",工具器械安全,中级,,
（三）拖拽题（8 题）,,,,,,
1. 【基础】将行为分为 “安全行为 / 危险行为” 两类拖拽分类。,请将以下行为，拖拽分类到「安全行为」和「危险行为」两个区域中,可拖拽虚拟物品：1. 不触碰电源 2. 攀爬货架 3. 地面湿滑慢行 4. 卖场奔跑 5. 轻拿尖锐物品 6. 把玩化学品,基础环境安全、行为规则安全,低级,,
2. 【岗位关联】工具使用流程：取出→使用→收纳，拖拽排序。,请将工具使用的正确流程，按顺序拖拽排列，步骤1.2.3,可拖拽虚拟步骤卡片：1. 使用工具 2. 取出工具 3. 收纳归位,工具器械安全,中级,,
3. 【基础】物品摆放：重物在下→轻物在上，拖拽分层排序。,请将货品摆放的正确规则，按分层顺序拖拽排列.分层排序位：下层、上层,可拖拽虚拟卡片：1. 轻物在上 2. 重物在下,货品作业安全,中级,,
4. 【基础】通行规则：避让障碍→稳步前行，排序。,请将通道通行的正确规则，按顺序拖拽排列,可拖拽虚拟步骤卡片：1. 稳步前行 2. 避让障碍 3. 观察路况,行为规则安全、基础环境安全,低级,,
5. 【岗位关联】破损货品处理：发现→隔离→上报，排序。,请将破损货品的正确处理流程，按顺序拖拽排列，排序位：第 1 步、第 2 步、第 3 步,可拖拽虚拟步骤卡片：1. 隔离存放 2. 发现破损 3. 上报工作人员,货品作业安全,高级,,
6. 【基础】高处取物：求助协助→平稳拿取→放回原位，排序。,请将高处取物的正确流程，按顺序拖拽排列，排序位：第 1 步、第 2 步、第 3 步,可拖拽虚拟步骤卡片：1. 平稳拿取 2. 求助协助 3. 放回原位,基础环境安全、行为规则安全,低级,,
7. 【基础】危险物品：全部拖拽至 “禁止触碰” 区域。,请将以下所有危险物品，拖拽到「禁止触碰」的区域中,可拖拽虚拟物品：1. 电源插座 2. 清洁化学品 3. 尖锐剪刀 4. 破损玻璃 5. 安全玩具 6. 零食,基础环境安全,低级,,
8. 【岗位关联】卖场行进：观察路况→正常行走→避让他人，排序。,请将卖场行进的正确规则，按顺序拖拽排列，排序位：第 1 步、第 2 步、第 3 步,可拖拽虚拟步骤卡片：1. 正常行走 2. 观察路况 3. 避让他人,行为规则安全、货品作业安全,低级,,
（四）实物操作题（6 题）赋分,,,,,,
1. 【基础】手持安全剪刀，规范完成裁剪动作，刃口不对人。,请手持安全剪刀，完成指定的裁剪动作，全程保持刃口不对准自己和他人,所需教具：安全剪刀、指定裁剪图案的卡纸、操作台面,工具器械安全,中级,"1. 达标（2 分）：所有行为分类全部正确，独立完成
2. 需改进（1 分）：仅 1 处分类错误，自行修正或经提示后纠正
3. 不达标（0 分）：2 处及以上分类错误；拖拽混乱；不理解分类规则",
2. 【岗位关联】模拟搬运中型货品，保持平稳、姿势规范。,请模拟搬运中型货品，全程保持平稳、姿势规范，无抛扔、拖拉动作,所需教具：模拟中型货品纸箱（重量适配）、起点 / 终点标识线，场景：无障碍通行通道，距离 3 米,货品作业安全,中级,"1. 达标（2 分）：独立完成搬运，姿势规范，全程平稳，无抛扔、拖拉，无安全隐患
2. 需改进（1 分）：可完成搬运，姿势轻微变形，经提醒后纠正，无安全问题
3. 不达标（0 分）：无法完成搬运；姿势严重不规范；出现抛扔、猛力提拉等危险行为；抗拒操作",
3. 【基础】识别 3 类安全 / 危险标识，并分类摆放卡片。,请识别以下 3 类安全 / 危险标识，将对应卡片分类摆放到正确的区域中,所需教具：安全标识卡片（3 张）、危险标识卡片（3 张）、分类摆放区域框,基础环境安全、行为规则安全,低级,"1. 达标（2 分）：独立完成所有标识分类，全部正确
2. 需改进（1 分）：仅 1 处分类错误，经提示后纠正
3. 不达标（0 分）：2 处及以上分类错误；无法识别标识；抗拒操作",
4. 【岗位关联】将多件货品，按 “重下轻上” 规范堆叠。,请将多件货品，按「重下轻上」的规则规范堆叠，全程保持平稳、无倾倒风险,所需教具：不同重量的模拟货品箱（6 个）、堆叠操作台面,货品作业安全,中级,"1. 达标（2 分）：独立完成堆叠，完全符合重下轻上规则，摆放平稳，无倾倒风险
2. 需改进（1 分）：可完成堆叠，仅 1 件货品位置错误，经提示后纠正，整体平稳
3. 不达标（0 分）：无法完成堆叠；完全不符合规则；出现超高、倾斜堆叠等危险行为；抗拒操作",
5. 【基础】在有障碍物的通道内，平稳行走，不碰撞、不奔跑,请在有障碍物的通道内，平稳行走完成指定路线，全程不碰撞障碍物、不奔跑、不推挤,所需教具：安全锥桶 / 软质障碍物（3-5 个）、起点 / 终点标识线、直线引导通道，场景：无障碍室内通道，路线长度 5 米，障碍物均匀摆放，无绊倒风险,基础环境安全、行为规则安全,低级,"1. 达标（2 分）：独立完成行走，全程平稳、不碰撞障碍物、不奔跑
2. 需改进（1 分）：可完成行走，中途有轻微加速 / 险些碰撞，经提醒后纠正
3. 不达标（0 分）：无法完成行走；全程奔跑；碰撞障碍物；抗拒操作",
6. 【岗位关联】使用模拟拆箱工具，完成规范操作后收纳归位。,请使用模拟拆箱工具，完成规范的拆箱操作，操作完成后将工具收纳归位,所需教具：模拟拆箱安全工具、带封条的模拟纸箱、专用工具箱,工具器械安全,中级,"达标（2 分）
独立完整完成全套拆箱操作：握持工具刃口朝内、不对人，匀速撕开封条无暴力撕扯；操作结束主动将工具放回专用工具箱，摆放整齐，全程无危险动作，无需任何口头 / 手势提醒。
需改进（1 分）
可完成拆箱主体动作，仅一处轻微不规范（如短暂刃口朝外、撕封条力度偏大）；经 1 次简单口头提醒后立刻纠正；最后能将工具收纳归位，无挥舞、对准他人等高危行为。
不达标（0 分）（满足任意一条即 0 分）
① 全程多次刃口对准自己 / 他人、挥舞工具，存在安全风险；
② 暴力撕扯导致箱体破损，多次提醒仍不改正；
③ 操作完成后拒绝收纳、随手乱丢工具；
④ 抗拒上手操作、全程不配合测评。",
